LOCATION,SUBJECT,Year,Housing
AUS,NOMINAL,2010-Q2,81.4261935821938
AUS,NOMINAL,2010-Q3,80.9796334595654
AUS,NOMINAL,2010-Q4,80.8627179202278
AUS,NOMINAL,2011-Q1,80.5304549195656
AUS,NOMINAL,2011-Q2,79.6335394948463
AUS,NOMINAL,2011-Q3,78.8051241980096
AUS,NOMINAL,2011-Q4,77.5698813875788
AUS,NOMINAL,2012-Q1,78.4316676349275
AUS,NOMINAL,2012-Q2,78.3973966980504
AUS,NOMINAL,2012-Q3,78.7834406558593
AUS,NOMINAL,2012-Q4,79.9084950111631
AUS,NOMINAL,2013-Q1,80.9028627167299
AUS,NOMINAL,2013-Q2,82.5447350671651
AUS,NOMINAL,2013-Q3,85.1085218960595
AUS,NOMINAL,2013-Q4,87.8698803200459
AUS,NOMINAL,2014-Q1,89.6660124164859
AUS,NOMINAL,2014-Q2,90.8892907503055
AUS,NOMINAL,2014-Q3,92.5285622681036
AUS,NOMINAL,2014-Q4,93.7971345651058
AUS,NOMINAL,2015-Q1,95.8900682506266
AUS,NOMINAL,2015-Q2,99.8031014858631
AUS,NOMINAL,2015-Q3,102.38724465102
AUS,NOMINAL,2015-Q4,101.91958561249
AUS,NOMINAL,2016-Q1,102.399865234696
AUS,NOMINAL,2016-Q2,103.910371532003
AUS,NOMINAL,2016-Q3,105.991327069441
AUS,NOMINAL,2016-Q4,109.69843616386
AUS,NOMINAL,2017-Q1,112.784290587843
AUS,NOMINAL,2017-Q2,114.528162766788
AUS,NOMINAL,2017-Q3,114.794434330482
AUS,NOMINAL,2017-Q4,115.126112314887
AUS,NOMINAL,2018-Q1,114.967777992617
AUS,NOMINAL,2018-Q2,113.886972081078
AUS,NOMINAL,2018-Q3,112.613182946511
AUS,NOMINAL,2018-Q4,109.187066979793
AUS,NOMINAL,2019-Q1,106.415825087371
AUS,NOMINAL,2019-Q2,105.51180595031
AUS,NOMINAL,2019-Q3,108.439552622665
AUS,NOMINAL,2019-Q4,111.967816339654
AUS,NOMINAL,2020-Q1,114.194714377832
AUS,NOMINAL,2020-Q2,112.114763456488
AUS,NOMINAL,2020-Q3,113.291814817666
AUS,NOMINAL,2020-Q4,116.064707348014
AUS,NOMINAL,2021-Q1,122.704304855926
AUS,NOMINAL,2021-Q2,130.914701906089
AUS,NOMINAL,2021-Q3,137.878344447792
AUS,NOMINAL,2021-Q4,143.557648786141
AUT,NOMINAL,2010-Q2,76.3190771785522
AUT,NOMINAL,2010-Q3,77.780997259188
AUT,NOMINAL,2010-Q4,79.1154657792779
AUT,NOMINAL,2011-Q1,79.0229586319999
AUT,NOMINAL,2011-Q2,80.8138161913805
AUT,NOMINAL,2011-Q3,82.2744646252939
AUT,NOMINAL,2011-Q4,84.2787605513262
AUT,NOMINAL,2012-Q1,85.6361225364382
AUT,NOMINAL,2012-Q2,86.4425226694386
AUT,NOMINAL,2012-Q3,88.3226621427964
AUT,NOMINAL,2012-Q4,89.8786926513271
AUT,NOMINAL,2013-Q1,90.5647477170651
AUT,NOMINAL,2013-Q2,91.3737420535379
AUT,NOMINAL,2013-Q3,93.5326225925771
AUT,NOMINAL,2013-Q4,92.9288876368203
AUT,NOMINAL,2014-Q1,94.5399324051798
AUT,NOMINAL,2014-Q2,95.343115496111
AUT,NOMINAL,2014-Q3,94.1772076285783
AUT,NOMINAL,2014-Q4,97.2597444701313
AUT,NOMINAL,2015-Q1,94.0711190223355
AUT,NOMINAL,2015-Q2,99.3319770804122
AUT,NOMINAL,2015-Q3,103.217194098476
AUT,NOMINAL,2015-Q4,103.379709798776
AUT,NOMINAL,2016-Q1,106.732231931796
AUT,NOMINAL,2016-Q2,108.230459112333
AUT,NOMINAL,2016-Q3,108.840174002145
AUT,NOMINAL,2016-Q4,110.327134953726
AUT,NOMINAL,2017-Q1,111.808336952006
AUT,NOMINAL,2017-Q2,113.641304242717
AUT,NOMINAL,2017-Q3,114.365001923717
AUT,NOMINAL,2017-Q4,117.22535688156
AUT,NOMINAL,2018-Q1,117.819103211849
AUT,NOMINAL,2018-Q2,117.984456776177
AUT,NOMINAL,2018-Q3,120.068111922249
AUT,NOMINAL,2018-Q4,122.688328089725
AUT,NOMINAL,2019-Q1,122.703792273989
AUT,NOMINAL,2019-Q2,126.00148379845
AUT,NOMINAL,2019-Q3,127.456083167653
AUT,NOMINAL,2019-Q4,130.238640759907
AUT,NOMINAL,2020-Q1,132.211234095064
AUT,NOMINAL,2020-Q2,134.699574806132
AUT,NOMINAL,2020-Q3,138.170760109115
AUT,NOMINAL,2020-Q4,140.163430989689
AUT,NOMINAL,2021-Q1,145.041703458479
AUT,NOMINAL,2021-Q2,150.71084897004
AUT,NOMINAL,2021-Q3,155.409326006203
AUT,NOMINAL,2021-Q4,161.888121565278
AUT,NOMINAL,2022-Q1,166.304422485658
AUT,NOMINAL,2022-Q2,169.218902429394
AUT,NOMINAL,2022-Q3,173.875710406927
AUT,NOMINAL,2022-Q4,174.780964686063
BEL,NOMINAL,2010-Q2,91.4306429692346
BEL,NOMINAL,2010-Q3,92.3063396793926
BEL,NOMINAL,2010-Q4,93.5661299813924
BEL,NOMINAL,2011-Q1,94.4314285855744
BEL,NOMINAL,2011-Q2,95.3048357110877
BEL,NOMINAL,2011-Q3,96.1964951733397
BEL,NOMINAL,2011-Q4,96.7702405299982
BEL,NOMINAL,2012-Q1,97.7833610827915
BEL,NOMINAL,2012-Q2,97.8393396738035
BEL,NOMINAL,2012-Q3,97.833063473551
BEL,NOMINAL,2012-Q4,97.798235769854
BEL,NOMINAL,2013-Q1,98.906694616944
BEL,NOMINAL,2013-Q2,99.0437360784265
BEL,NOMINAL,2013-Q3,99.0403488978369
BEL,NOMINAL,2013-Q4,98.8572204067926
BEL,NOMINAL,2014-Q1,97.6463453435798
BEL,NOMINAL,2014-Q2,98.1707088184305
BEL,NOMINAL,2014-Q3,98.0829769462713
BEL,NOMINAL,2014-Q4,99.7679688917184
BEL,NOMINAL,2015-Q1,98.2033803500205
BEL,NOMINAL,2015-Q2,99.7643153218125
BEL,NOMINAL,2015-Q3,100.737158948062
BEL,NOMINAL,2015-Q4,101.295145380105
BEL,NOMINAL,2016-Q1,101.215423935857
BEL,NOMINAL,2016-Q2,102.318514065619
BEL,NOMINAL,2016-Q3,103.129153909214
BEL,NOMINAL,2016-Q4,103.89890808931
BEL,NOMINAL,2017-Q1,105.651606576632
BEL,NOMINAL,2017-Q2,105.284132016754
BEL,NOMINAL,2017-Q3,106.901041938777
BEL,NOMINAL,2017-Q4,107.654219467837
BEL,NOMINAL,2018-Q1,108.232933276026
BEL,NOMINAL,2018-Q2,109.40968497644
BEL,NOMINAL,2018-Q3,109.604160911141
BEL,NOMINAL,2018-Q4,110.414220836393
BEL,NOMINAL,2019-Q1,112.096811917082
BEL,NOMINAL,2019-Q2,112.660613954779
BEL,NOMINAL,2019-Q3,114.614256704267
BEL,NOMINAL,2019-Q4,115.743317423872
BEL,NOMINAL,2020-Q1,116.031071047049
BEL,NOMINAL,2020-Q2,117.685193566569
BEL,NOMINAL,2020-Q3,118.270951611136
BEL,NOMINAL,2020-Q4,122.393783775246
BEL,NOMINAL,2021-Q1,124.07489810839
BEL,NOMINAL,2021-Q2,126.331567222435
BEL,NOMINAL,2021-Q3,128.009345962896
BEL,NOMINAL,2021-Q4,129.81418870628
BEL,NOMINAL,2022-Q1,132.0870352436
BEL,NOMINAL,2022-Q2,133.811974855837
BEL,NOMINAL,2022-Q3,134.85573208157
BEL,NOMINAL,2022-Q4,135.972257818125
CAN,NOMINAL,2010-Q2,80.0607091850925
CAN,NOMINAL,2010-Q3,79.3329531153521
CAN,NOMINAL,2010-Q4,80.1059582671489
CAN,NOMINAL,2011-Q1,81.7500082485304
CAN,NOMINAL,2011-Q2,83.3148723363138
CAN,NOMINAL,2011-Q3,84.6421787433012
CAN,NOMINAL,2011-Q4,85.5037966807913
CAN,NOMINAL,2012-Q1,86.5935454069827
CAN,NOMINAL,2012-Q2,87.726657836811
CAN,NOMINAL,2012-Q3,87.964215517607
CAN,NOMINAL,2012-Q4,88.214970847336
CAN,NOMINAL,2013-Q1,88.8013235356501
CAN,NOMINAL,2013-Q2,89.3801347102878
CAN,NOMINAL,2013-Q3,90.2153573499121
CAN,NOMINAL,2013-Q4,91.5897982173747
CAN,NOMINAL,2014-Q1,93.5072280695139
CAN,NOMINAL,2014-Q2,93.8635645907079
CAN,NOMINAL,2014-Q3,95.2021832682094
CAN,NOMINAL,2014-Q4,96.7406520581264
CAN,NOMINAL,2015-Q1,98.0717292219514
CAN,NOMINAL,2015-Q2,98.4808563388777
CAN,NOMINAL,2015-Q3,100.564199491891
CAN,NOMINAL,2015-Q4,102.88321494728
CAN,NOMINAL,2016-Q1,105.12492988749
CAN,NOMINAL,2016-Q2,108.601567692156
CAN,NOMINAL,2016-Q3,112.832356864427
CAN,NOMINAL,2016-Q4,115.801827874377
CAN,NOMINAL,2017-Q1,119.178540622835
CAN,NOMINAL,2017-Q2,123.999453240258
CAN,NOMINAL,2017-Q3,125.643503221641
CAN,NOMINAL,2017-Q4,126.192148341574
CAN,NOMINAL,2018-Q1,127.476091044924
CAN,NOMINAL,2018-Q2,127.730617131491
CAN,NOMINAL,2018-Q3,128.67142096258
CAN,NOMINAL,2018-Q4,129.646161605211
CAN,NOMINAL,2019-Q1,129.480248304338
CAN,NOMINAL,2019-Q2,128.120890464227
CAN,NOMINAL,2019-Q3,129.793221121894
CAN,NOMINAL,2019-Q4,132.442177800612
CAN,NOMINAL,2020-Q1,134.627331388251
CAN,NOMINAL,2020-Q2,135.317379889611
CAN,NOMINAL,2020-Q3,138.737456341706
CAN,NOMINAL,2020-Q4,145.11003539798
CAN,NOMINAL,2021-Q1,149.3257415429
CAN,NOMINAL,2021-Q2,156.829547650583
CAN,NOMINAL,2021-Q3,162.823165644634
CAN,NOMINAL,2021-Q4,167.874094429178
CAN,NOMINAL,2022-Q1,176.906942434683
CAN,NOMINAL,2022-Q2,183.026880782809
CAN,NOMINAL,2022-Q3,177.250081306944
CAN,NOMINAL,2022-Q4,171.731578674485
CAN,NOMINAL,2023-Q1,168.439707954883
CZE,NOMINAL,2010-Q2,95.2158996354583
CZE,NOMINAL,2010-Q3,95.0236509071606
CZE,NOMINAL,2010-Q4,95.2493290070277
CZE,NOMINAL,2011-Q1,95.5746639981936
CZE,NOMINAL,2011-Q2,95.7002666746511
CZE,NOMINAL,2011-Q3,95.2427106588722
CZE,NOMINAL,2011-Q4,94.4823586682831
CZE,NOMINAL,2012-Q1,94.0394065146444
CZE,NOMINAL,2012-Q2,93.8032856515404
CZE,NOMINAL,2012-Q3,93.7522779175356
CZE,NOMINAL,2012-Q4,93.8050299162796
CZE,NOMINAL,2013-Q1,93.7177760602818
CZE,NOMINAL,2013-Q2,93.9266655840375
CZE,NOMINAL,2013-Q3,93.9508500437841
CZE,NOMINAL,2013-Q4,93.9047083118966
CZE,NOMINAL,2014-Q1,95.0982515644463
CZE,NOMINAL,2014-Q2,95.6614978869292
CZE,NOMINAL,2014-Q3,96.5290550729052
CZE,NOMINAL,2014-Q4,97.4111954757192
CZE,NOMINAL,2015-Q1,98.3769600546138
CZE,NOMINAL,2015-Q2,99.2926413149031
CZE,NOMINAL,2015-Q3,100.506463709952
CZE,NOMINAL,2015-Q4,101.823934920531
CZE,NOMINAL,2016-Q1,103.069321305024
CZE,NOMINAL,2016-Q2,104.998344390519
CZE,NOMINAL,2016-Q3,107.584286338623
CZE,NOMINAL,2016-Q4,112.948047965834
CZE,NOMINAL,2017-Q1,116.276285079624
CZE,NOMINAL,2017-Q2,118.986365324818
CZE,NOMINAL,2017-Q3,121.048867394493
CZE,NOMINAL,2017-Q4,122.488482201065
CZE,NOMINAL,2018-Q1,125.06913788821
CZE,NOMINAL,2018-Q2,128.573008509562
CZE,NOMINAL,2018-Q3,131.713068007351
CZE,NOMINAL,2018-Q4,134.644785594878
CZE,NOMINAL,2019-Q1,137.26365957845
CZE,NOMINAL,2019-Q2,140.439452131782
CZE,NOMINAL,2019-Q3,143.138198358351
CZE,NOMINAL,2019-Q4,146.758689931418
CZE,NOMINAL,2020-Q1,149.046918139838
CZE,NOMINAL,2020-Q2,151.309797873332
CZE,NOMINAL,2020-Q3,155.074497214679
CZE,NOMINAL,2020-Q4,159.968786772151
CZE,NOMINAL,2021-Q1,168.919962251533
CZE,NOMINAL,2021-Q2,177.346766850099
CZE,NOMINAL,2021-Q3,189.317680762047
CZE,NOMINAL,2021-Q4,201.315590136321
CZE,NOMINAL,2022-Q1,209.987055559101
CZE,NOMINAL,2022-Q2,216.92553399693
CZE,NOMINAL,2022-Q3,218.826869288341
CZE,NOMINAL,2022-Q4,215.360541171342
DNK,NOMINAL,2010-Q2,90.1079841237691
DNK,NOMINAL,2010-Q3,90.884117728785
DNK,NOMINAL,2010-Q4,91.627408209968
DNK,NOMINAL,2011-Q1,90.8132138129095
DNK,NOMINAL,2011-Q2,90.8634442651029
DNK,NOMINAL,2011-Q3,88.2041384810839
DNK,NOMINAL,2011-Q4,86.6080946631312
DNK,NOMINAL,2012-Q1,86.4490925623553
DNK,NOMINAL,2012-Q2,85.8412007412786
DNK,NOMINAL,2012-Q3,86.7158881425343
DNK,NOMINAL,2012-Q4,87.9816860234998
DNK,NOMINAL,2013-Q1,88.6182262066677
DNK,NOMINAL,2013-Q2,89.8962891807906
DNK,NOMINAL,2013-Q3,90.6895902013098
DNK,NOMINAL,2013-Q4,91.1867953884837
DNK,NOMINAL,2014-Q1,91.7251108121574
DNK,NOMINAL,2014-Q2,93.285805862788
DNK,NOMINAL,2014-Q3,93.7006420946456
DNK,NOMINAL,2014-Q4,95.2833762177458
DNK,NOMINAL,2015-Q1,98.1431282657293
DNK,NOMINAL,2015-Q2,99.5224756380847
DNK,NOMINAL,2015-Q3,100.232556727679
DNK,NOMINAL,2015-Q4,102.101839368507
DNK,NOMINAL,2016-Q1,103.295610507982
DNK,NOMINAL,2016-Q2,103.621556807792
DNK,NOMINAL,2016-Q3,105.548424855624
DNK,NOMINAL,2016-Q4,106.440455093719
DNK,NOMINAL,2017-Q1,106.943846891346
DNK,NOMINAL,2017-Q2,109.105507274073
DNK,NOMINAL,2017-Q3,110.241102296861
DNK,NOMINAL,2017-Q4,111.220637315454
DNK,NOMINAL,2018-Q1,113.135279226497
DNK,NOMINAL,2018-Q2,114.271876340041
DNK,NOMINAL,2018-Q3,115.240938074575
DNK,NOMINAL,2018-Q4,115.46705164675
DNK,NOMINAL,2019-Q1,116.301245917356
DNK,NOMINAL,2019-Q2,117.445256831568
DNK,NOMINAL,2019-Q3,117.96899996217
DNK,NOMINAL,2019-Q4,118.403672586844
DNK,NOMINAL,2020-Q1,118.600354480713
DNK,NOMINAL,2020-Q2,119.136081533891
DNK,NOMINAL,2020-Q3,125.17710617324
DNK,NOMINAL,2020-Q4,131.211693125244
DNK,NOMINAL,2021-Q1,135.159580710754
DNK,NOMINAL,2021-Q2,137.544211132065
DNK,NOMINAL,2021-Q3,139.313150598184
DNK,NOMINAL,2021-Q4,140.022437657448
DNK,NOMINAL,2022-Q1,140.784775366014
DNK,NOMINAL,2022-Q2,141.176420452138
DNK,NOMINAL,2022-Q3,136.483998561452
DNK,NOMINAL,2022-Q4,130.893178968014
FIN,NOMINAL,2010-Q2,93.0590371077343
FIN,NOMINAL,2010-Q3,94.6059800940848
FIN,NOMINAL,2010-Q4,95.182682811101
FIN,NOMINAL,2011-Q1,95.7899410062839
FIN,NOMINAL,2011-Q2,97.0835288928853
FIN,NOMINAL,2011-Q3,97.2724622693865
FIN,NOMINAL,2011-Q4,97.3140678314435
FIN,NOMINAL,2012-Q1,98.3892359376524
FIN,NOMINAL,2012-Q2,98.9768761995159
FIN,NOMINAL,2012-Q3,99.290688930645
FIN,NOMINAL,2012-Q4,100.163198932186
FIN,NOMINAL,2013-Q1,100.317901086001
FIN,NOMINAL,2013-Q2,100.20233099292
FIN,NOMINAL,2013-Q3,100.448501556783
FIN,NOMINAL,2013-Q4,100.441266364296
FIN,NOMINAL,2014-Q1,100.185843295966
FIN,NOMINAL,2014-Q2,99.9521761977146
FIN,NOMINAL,2014-Q3,99.9207355577185
FIN,NOMINAL,2014-Q4,99.9212449486006
FIN,NOMINAL,2015-Q1,99.6654026585578
FIN,NOMINAL,2015-Q2,99.8797161764807
FIN,NOMINAL,2015-Q3,100.158174871127
FIN,NOMINAL,2015-Q4,100.296706293835
FIN,NOMINAL,2016-Q1,100.760884381112
FIN,NOMINAL,2016-Q2,100.971659875653
FIN,NOMINAL,2016-Q3,101.797891834645
FIN,NOMINAL,2016-Q4,101.60956390859
FIN,NOMINAL,2017-Q1,101.960883860886
FIN,NOMINAL,2017-Q2,102.512511218964
FIN,NOMINAL,2017-Q3,102.406927781312
FIN,NOMINAL,2017-Q4,102.669677138838
FIN,NOMINAL,2018-Q1,103.012224758306
FIN,NOMINAL,2018-Q2,103.175944303042
FIN,NOMINAL,2018-Q3,103.426546071705
FIN,NOMINAL,2018-Q4,103.725284866946
FIN,NOMINAL,2019-Q1,103.349179309698
FIN,NOMINAL,2019-Q2,103.843510763812
FIN,NOMINAL,2019-Q3,104.005509022519
FIN,NOMINAL,2019-Q4,103.88180090397
FIN,NOMINAL,2020-Q1,104.534229746975
FIN,NOMINAL,2020-Q2,104.450951636283
FIN,NOMINAL,2020-Q3,105.797404229764
FIN,NOMINAL,2020-Q4,107.597414386978
FIN,NOMINAL,2021-Q1,108.8081262238
FIN,NOMINAL,2021-Q2,110.193635456304
FIN,NOMINAL,2021-Q3,110.952224214597
FIN,NOMINAL,2021-Q4,111.836014105299
FIN,NOMINAL,2022-Q1,112.468445934178
FIN,NOMINAL,2022-Q2,112.794126473111
FIN,NOMINAL,2022-Q3,112.467602000489
FIN,NOMINAL,2022-Q4,109.279825600171
FRA,NOMINAL,2010-Q2,99.7
FRA,NOMINAL,2010-Q3,101.2
FRA,NOMINAL,2010-Q4,103.4
FRA,NOMINAL,2011-Q1,104.9
FRA,NOMINAL,2011-Q2,106.7
FRA,NOMINAL,2011-Q3,107.4
FRA,NOMINAL,2011-Q4,107.2
FRA,NOMINAL,2012-Q1,106.8
FRA,NOMINAL,2012-Q2,106.3
FRA,NOMINAL,2012-Q3,105.7
FRA,NOMINAL,2012-Q4,105.1
FRA,NOMINAL,2013-Q1,104.7
FRA,NOMINAL,2013-Q2,104
FRA,NOMINAL,2013-Q3,103.3
FRA,NOMINAL,2013-Q4,103.2
FRA,NOMINAL,2014-Q1,102.7
FRA,NOMINAL,2014-Q2,102.6
FRA,NOMINAL,2014-Q3,101.8
FRA,NOMINAL,2014-Q4,100.6
FRA,NOMINAL,2015-Q1,100.2
FRA,NOMINAL,2015-Q2,99.8
FRA,NOMINAL,2015-Q3,99.9
FRA,NOMINAL,2015-Q4,100.1
FRA,NOMINAL,2016-Q1,100.4
FRA,NOMINAL,2016-Q2,100.5
FRA,NOMINAL,2016-Q3,101.2
FRA,NOMINAL,2016-Q4,101.6
FRA,NOMINAL,2017-Q1,102.9
FRA,NOMINAL,2017-Q2,103.6
FRA,NOMINAL,2017-Q3,104.5
FRA,NOMINAL,2017-Q4,104.9
FRA,NOMINAL,2018-Q1,105.9
FRA,NOMINAL,2018-Q2,106.6
FRA,NOMINAL,2018-Q3,107.7
FRA,NOMINAL,2018-Q4,108.3
FRA,NOMINAL,2019-Q1,109
FRA,NOMINAL,2019-Q2,110
FRA,NOMINAL,2019-Q3,111.3
FRA,NOMINAL,2019-Q4,112.5
FRA,NOMINAL,2020-Q1,114.5
FRA,NOMINAL,2020-Q2,116.2
FRA,NOMINAL,2020-Q3,117
FRA,NOMINAL,2020-Q4,119.6
FRA,NOMINAL,2021-Q1,121.3
FRA,NOMINAL,2021-Q2,123.5
FRA,NOMINAL,2021-Q3,125.8
FRA,NOMINAL,2021-Q4,128
FRA,NOMINAL,2022-Q1,130.2
FRA,NOMINAL,2022-Q2,132
FRA,NOMINAL,2022-Q3,133.9
FRA,NOMINAL,2022-Q4,134.2
DEU,NOMINAL,2010-Q2,83.8450631022654
DEU,NOMINAL,2010-Q3,84.4962417941929
DEU,NOMINAL,2010-Q4,83.8138784517347
DEU,NOMINAL,2011-Q1,86.3793386567965
DEU,NOMINAL,2011-Q2,86.6725312167915
DEU,NOMINAL,2011-Q3,86.8189590287155
DEU,NOMINAL,2011-Q4,87.3180390698662
DEU,NOMINAL,2012-Q1,88.3121058286887
DEU,NOMINAL,2012-Q2,88.6557650758941
DEU,NOMINAL,2012-Q3,90.4396373657168
DEU,NOMINAL,2012-Q4,91.6833894569445
DEU,NOMINAL,2013-Q1,91.7079596891954
DEU,NOMINAL,2013-Q2,92.6656197252998
DEU,NOMINAL,2013-Q3,92.8875509011166
DEU,NOMINAL,2013-Q4,93.1317956667029
DEU,NOMINAL,2014-Q1,94.223291388643
DEU,NOMINAL,2014-Q2,95.2783132309351
DEU,NOMINAL,2014-Q3,96.1746122033413
DEU,NOMINAL,2014-Q4,96.3197381669679
DEU,NOMINAL,2015-Q1,98.2531132948861
DEU,NOMINAL,2015-Q2,99.5495501668287
DEU,NOMINAL,2015-Q3,100.341323346641
DEU,NOMINAL,2015-Q4,101.856013191644
DEU,NOMINAL,2016-Q1,104.420489695078
DEU,NOMINAL,2016-Q2,106.63051357853
DEU,NOMINAL,2016-Q3,108.715881026152
DEU,NOMINAL,2016-Q4,110.342190972929
DEU,NOMINAL,2017-Q1,111.477919946139
DEU,NOMINAL,2017-Q2,113.008825140811
DEU,NOMINAL,2017-Q3,114.865938325138
DEU,NOMINAL,2017-Q4,117.062457625765
DEU,NOMINAL,2018-Q1,118.987840168247
DEU,NOMINAL,2018-Q2,120.66072997814
DEU,NOMINAL,2018-Q3,122.883413022257
DEU,NOMINAL,2018-Q4,124.191233639397
DEU,NOMINAL,2019-Q1,125.399018306082
DEU,NOMINAL,2019-Q2,127.97166313733
DEU,NOMINAL,2019-Q3,129.271207168134
DEU,NOMINAL,2019-Q4,132.187398461672
DEU,NOMINAL,2020-Q1,134.746100314491
DEU,NOMINAL,2020-Q2,136.380210589778
DEU,NOMINAL,2020-Q3,139.870401338759
DEU,NOMINAL,2020-Q4,143.742674605437
DEU,NOMINAL,2021-Q1,147.402860697438
DEU,NOMINAL,2021-Q2,151.978978352753
DEU,NOMINAL,2021-Q3,157.666930276949
DEU,NOMINAL,2021-Q4,161.908778066729
DEU,NOMINAL,2022-Q1,164.416364288071
DEU,NOMINAL,2022-Q2,166.747365259216
DEU,NOMINAL,2022-Q3,164.384360218345
DEU,NOMINAL,2022-Q4,156.116539373822
GRC,NOMINAL,2010-Q2,154.481752286757
GRC,NOMINAL,2010-Q3,150.796945086833
GRC,NOMINAL,2010-Q4,148.67900362418
GRC,NOMINAL,2011-Q1,148.970856413996
GRC,NOMINAL,2011-Q2,146.564513274026
GRC,NOMINAL,2011-Q3,143.578662920328
GRC,NOMINAL,2011-Q4,138.97696739165
GRC,NOMINAL,2012-Q1,133.199979059249
GRC,NOMINAL,2012-Q2,130.708663443079
GRC,NOMINAL,2012-Q3,125.439600279732
GRC,NOMINAL,2012-Q4,121.334757217941
GRC,NOMINAL,2013-Q1,117.870106059793
GRC,NOMINAL,2013-Q2,115.083773878262
GRC,NOMINAL,2013-Q3,112.629099314132
GRC,NOMINAL,2013-Q4,109.682020747814
GRC,NOMINAL,2014-Q1,107.16229193476
GRC,NOMINAL,2014-Q2,105.615016402341
GRC,NOMINAL,2014-Q3,104.922217168991
GRC,NOMINAL,2014-Q4,103.581474493908
GRC,NOMINAL,2015-Q1,102.785712486484
GRC,NOMINAL,2015-Q2,100.304640893309
GRC,NOMINAL,2015-Q3,98.6297794880668
GRC,NOMINAL,2015-Q4,98.2798671321398
GRC,NOMINAL,2016-Q1,98.3278970447533
GRC,NOMINAL,2016-Q2,97.6858956874734
GRC,NOMINAL,2016-Q3,97.1732252090249
GRC,NOMINAL,2016-Q4,97.3049820587491
GRC,NOMINAL,2017-Q1,96.50167987536
GRC,NOMINAL,2017-Q2,96.5746684874106
GRC,NOMINAL,2017-Q3,96.4826048140142
GRC,NOMINAL,2017-Q4,96.9780468232159
GRC,NOMINAL,2018-Q1,96.9912737748638
GRC,NOMINAL,2018-Q2,97.7351273714392
GRC,NOMINAL,2018-Q3,98.5864996485883
GRC,NOMINAL,2018-Q4,100.203099205109
GRC,NOMINAL,2019-Q1,102.377224940471
GRC,NOMINAL,2019-Q2,105.128102107403
GRC,NOMINAL,2019-Q3,106.568756465613
GRC,NOMINAL,2019-Q4,107.851916486513
GRC,NOMINAL,2020-Q1,109.29462667652
GRC,NOMINAL,2020-Q2,109.638741134794
GRC,NOMINAL,2020-Q3,110.536501408496
GRC,NOMINAL,2020-Q4,111.42313078019
GRC,NOMINAL,2021-Q1,114.257260778402
GRC,NOMINAL,2021-Q2,117.225612543739
GRC,NOMINAL,2021-Q3,120.150653935871
GRC,NOMINAL,2021-Q4,122.789472741988
GRC,NOMINAL,2022-Q1,125.513948292483
GRC,NOMINAL,2022-Q2,129.429681107753
GRC,NOMINAL,2022-Q3,134.146668206805
GRC,NOMINAL,2022-Q4,137.768702400826
HUN,NOMINAL,2010-Q2,94.1494868659642
HUN,NOMINAL,2010-Q3,93.5207236773431
HUN,NOMINAL,2010-Q4,92.7591152541541
HUN,NOMINAL,2011-Q1,91.2831650496655
HUN,NOMINAL,2011-Q2,90.8485975868465
HUN,NOMINAL,2011-Q3,89.5797082525991
HUN,NOMINAL,2011-Q4,90.078529110889
HUN,NOMINAL,2012-Q1,89.8540629206023
HUN,NOMINAL,2012-Q2,86.9379493841655
HUN,NOMINAL,2012-Q3,86.2027394730182
HUN,NOMINAL,2012-Q4,85.395248222214
HUN,NOMINAL,2013-Q1,84.6699903595277
HUN,NOMINAL,2013-Q2,84.9234824682453
HUN,NOMINAL,2013-Q3,85.0075999235862
HUN,NOMINAL,2013-Q4,84.8789272486408
HUN,NOMINAL,2014-Q1,85.4902655940221
HUN,NOMINAL,2014-Q2,87.2677260218023
HUN,NOMINAL,2014-Q3,88.8288558120688
HUN,NOMINAL,2014-Q4,92.1231525721067
HUN,NOMINAL,2015-Q1,93.2413594116955
HUN,NOMINAL,2015-Q2,98.3235390186514
HUN,NOMINAL,2015-Q3,102.59516349977
HUN,NOMINAL,2015-Q4,105.839938069883
HUN,NOMINAL,2016-Q1,108.825129960059
HUN,NOMINAL,2016-Q2,111.474159197203
HUN,NOMINAL,2016-Q3,114.709847829141
HUN,NOMINAL,2016-Q4,118.500863013597
HUN,NOMINAL,2017-Q1,121.315147080159
HUN,NOMINAL,2017-Q2,124.834324393212
HUN,NOMINAL,2017-Q3,128.781952615665
HUN,NOMINAL,2017-Q4,134.028575910964
HUN,NOMINAL,2018-Q1,137.212086095265
HUN,NOMINAL,2018-Q2,141.589518610821
HUN,NOMINAL,2018-Q3,148.046753819614
HUN,NOMINAL,2018-Q4,155.1316414743
HUN,NOMINAL,2019-Q1,162.963879310678
HUN,NOMINAL,2019-Q2,169.178556421638
HUN,NOMINAL,2019-Q3,172.852040479532
HUN,NOMINAL,2019-Q4,175.675523788152
HUN,NOMINAL,2020-Q1,176.25670854469
HUN,NOMINAL,2020-Q2,173.241153217965
HUN,NOMINAL,2020-Q3,181.330277342125
HUN,NOMINAL,2020-Q4,183.48186089522
HUN,NOMINAL,2021-Q1,192.919958365835
HUN,NOMINAL,2021-Q2,202.052258057315
HUN,NOMINAL,2021-Q3,211.503194511468
HUN,NOMINAL,2021-Q4,225.674589065382
HUN,NOMINAL,2022-Q1,237.584832816033
HUN,NOMINAL,2022-Q2,252.246979346891
HUN,NOMINAL,2022-Q3,261.113917627146
HUN,NOMINAL,2022-Q4,263.384270408298
ISL,NOMINAL,2010-Q2,71.9253974508831
ISL,NOMINAL,2010-Q3,71.7935047408633
ISL,NOMINAL,2010-Q4,72.4397698613052
ISL,NOMINAL,2011-Q1,72.7714748510457
ISL,NOMINAL,2011-Q2,74.7605394332714
ISL,NOMINAL,2011-Q3,76.1397035917032
ISL,NOMINAL,2011-Q4,77.7540356883638
ISL,NOMINAL,2012-Q1,79.1545769770195
ISL,NOMINAL,2012-Q2,80.2843533784668
ISL,NOMINAL,2012-Q3,81.2716702612989
ISL,NOMINAL,2012-Q4,81.5332049927291
ISL,NOMINAL,2013-Q1,82.4095370497115
ISL,NOMINAL,2013-Q2,84.1283899972348
ISL,NOMINAL,2013-Q3,86.3065392235307
ISL,NOMINAL,2013-Q4,87.9853858041534
ISL,NOMINAL,2014-Q1,90.1281874794827
ISL,NOMINAL,2014-Q2,91.8329815499812
ISL,NOMINAL,2014-Q3,92.8950004744342
ISL,NOMINAL,2014-Q4,94.685754350912
ISL,NOMINAL,2015-Q1,97.3472141449216
ISL,NOMINAL,2015-Q2,99.2747276065196
ISL,NOMINAL,2015-Q3,100.48205075626
ISL,NOMINAL,2015-Q4,102.896007492299
ISL,NOMINAL,2016-Q1,105.002481069891
ISL,NOMINAL,2016-Q2,106.573405021373
ISL,NOMINAL,2016-Q3,110.697557828296
ISL,NOMINAL,2016-Q4,116.793653748184
ISL,NOMINAL,2017-Q1,122.192693278373
ISL,NOMINAL,2017-Q2,130.144447354093
ISL,NOMINAL,2017-Q3,135.530833248652
ISL,NOMINAL,2017-Q4,136.915338077161
ISL,NOMINAL,2018-Q1,139.104393156856
ISL,NOMINAL,2018-Q2,140.542410782514
ISL,NOMINAL,2018-Q3,143.224880002285
ISL,NOMINAL,2018-Q4,145.153736121895
ISL,NOMINAL,2019-Q1,146.738775303606
ISL,NOMINAL,2019-Q2,147.087211580124
ISL,NOMINAL,2019-Q3,147.81519318047
ISL,NOMINAL,2019-Q4,151.523302847007
ISL,NOMINAL,2020-Q1,153.978768684801
ISL,NOMINAL,2020-Q2,156.027172049507
ISL,NOMINAL,2020-Q3,158.724803973755
ISL,NOMINAL,2020-Q4,162.422833175882
ISL,NOMINAL,2021-Q1,167.61463521376
ISL,NOMINAL,2021-Q2,174.51675341625
ISL,NOMINAL,2021-Q3,180.326739699479
ISL,NOMINAL,2021-Q4,187.79364729995
ISL,NOMINAL,2022-Q1,198.002768700054
ISL,NOMINAL,2022-Q2,210.479872460191
ISL,NOMINAL,2022-Q3,223.631625505526
ISL,NOMINAL,2022-Q4,227.27788177115
ISL,NOMINAL,2023-Q1,229.414652045423
IRL,NOMINAL,2010-Q2,108.477414376943
IRL,NOMINAL,2010-Q3,104.29461125369
IRL,NOMINAL,2010-Q4,99.3001148058955
IRL,NOMINAL,2011-Q1,95.8766347403057
IRL,NOMINAL,2011-Q2,91.2426468153236
IRL,NOMINAL,2011-Q3,84.7201266829642
IRL,NOMINAL,2011-Q4,79.6865917614072
IRL,NOMINAL,2012-Q1,77.258729693685
IRL,NOMINAL,2012-Q2,75.7341845333162
IRL,NOMINAL,2012-Q3,75.3557430421645
IRL,NOMINAL,2012-Q4,75.8023427308351
IRL,NOMINAL,2013-Q1,75.007560862892
IRL,NOMINAL,2013-Q2,75.1664887188589
IRL,NOMINAL,2013-Q3,77.8552301687331
IRL,NOMINAL,2013-Q4,79.9887202495165
IRL,NOMINAL,2014-Q1,82.8938336570025
IRL,NOMINAL,2014-Q2,87.6509981662419
IRL,NOMINAL,2014-Q3,92.6978382778206
IRL,NOMINAL,2014-Q4,95.6503298989358
IRL,NOMINAL,2015-Q1,97.3758189248888
IRL,NOMINAL,2015-Q2,99.6877569844708
IRL,NOMINAL,2015-Q3,100.629207151438
IRL,NOMINAL,2015-Q4,102.307216939202
IRL,NOMINAL,2016-Q1,104.655151702988
IRL,NOMINAL,2016-Q2,105.833737022424
IRL,NOMINAL,2016-Q3,108.228796840566
IRL,NOMINAL,2016-Q4,111.220314434021
IRL,NOMINAL,2017-Q1,114.254972184035
IRL,NOMINAL,2017-Q2,116.831484000813
IRL,NOMINAL,2017-Q3,121.139813268082
IRL,NOMINAL,2017-Q4,124.420730547071
IRL,NOMINAL,2018-Q1,128.155521885555
IRL,NOMINAL,2018-Q2,131.382260323056
IRL,NOMINAL,2018-Q3,132.35942427356
IRL,NOMINAL,2018-Q4,133.556793517829
IRL,NOMINAL,2019-Q1,133.633323264967
IRL,NOMINAL,2019-Q2,134.530759916122
IRL,NOMINAL,2019-Q3,134.863458849192
IRL,NOMINAL,2019-Q4,134.695457969719
IRL,NOMINAL,2020-Q1,134.803430900228
IRL,NOMINAL,2020-Q2,134.93781518391
IRL,NOMINAL,2020-Q3,133.92576228255
IRL,NOMINAL,2020-Q4,135.721991633311
IRL,NOMINAL,2021-Q1,138.788243307173
IRL,NOMINAL,2021-Q2,142.470001988599
IRL,NOMINAL,2021-Q3,148.208886732413
IRL,NOMINAL,2021-Q4,154.530867971816
IRL,NOMINAL,2022-Q1,159.433947428272
IRL,NOMINAL,2022-Q2,162.844157175362
IRL,NOMINAL,2022-Q3,165.817281137254
IRL,NOMINAL,2022-Q4,167.78061425646
ITA,NOMINAL,2010-Q2,117.728013784647
ITA,NOMINAL,2010-Q3,118.621860821507
ITA,NOMINAL,2010-Q4,118.968598330725
ITA,NOMINAL,2011-Q1,118.698020974733
ITA,NOMINAL,2011-Q2,120.48052607261
ITA,NOMINAL,2011-Q3,120.073259834654
ITA,NOMINAL,2011-Q4,119.548193118002
ITA,NOMINAL,2012-Q1,119.494915835613
ITA,NOMINAL,2012-Q2,117.844519273179
ITA,NOMINAL,2012-Q3,115.62755775065
ITA,NOMINAL,2012-Q4,113.633007140558
ITA,NOMINAL,2013-Q1,110.997518326049
ITA,NOMINAL,2013-Q2,109.978663039003
ITA,NOMINAL,2013-Q3,108.313910919705
ITA,NOMINAL,2013-Q4,107.109907715242
ITA,NOMINAL,2014-Q1,106.213751707749
ITA,NOMINAL,2014-Q2,104.475864936571
ITA,NOMINAL,2014-Q3,103.1945103992
ITA,NOMINAL,2014-Q4,101.915872956481
ITA,NOMINAL,2015-Q1,100.18368685743
ITA,NOMINAL,2015-Q2,99.5796228043481
ITA,NOMINAL,2015-Q3,100.410335238906
ITA,NOMINAL,2015-Q4,99.8263550993158
ITA,NOMINAL,2016-Q1,100.296670486762
ITA,NOMINAL,2016-Q2,100.19825648623
ITA,NOMINAL,2016-Q3,100.412586794362
ITA,NOMINAL,2016-Q4,100.092486232646
ITA,NOMINAL,2017-Q1,99.5694787237588
ITA,NOMINAL,2017-Q2,99.1911055399229
ITA,NOMINAL,2017-Q3,98.9582683825094
ITA,NOMINAL,2017-Q4,98.9811473538092
ITA,NOMINAL,2018-Q1,99.0486330043318
ITA,NOMINAL,2018-Q2,98.6501016044892
ITA,NOMINAL,2018-Q3,98.177781944135
ITA,NOMINAL,2018-Q4,98.6234834470444
ITA,NOMINAL,2019-Q1,98.1047153352859
ITA,NOMINAL,2019-Q2,98.4146877219623
ITA,NOMINAL,2019-Q3,98.6299802067921
ITA,NOMINAL,2019-Q4,98.9506167359601
ITA,NOMINAL,2020-Q1,99.7931400662952
ITA,NOMINAL,2020-Q2,101.583255793722
ITA,NOMINAL,2020-Q3,99.6449135553531
ITA,NOMINAL,2020-Q4,100.57869058463
ITA,NOMINAL,2021-Q1,101.472759208295
ITA,NOMINAL,2021-Q2,101.89040938083
ITA,NOMINAL,2021-Q3,103.759605957795
ITA,NOMINAL,2021-Q4,104.67722545308
ITA,NOMINAL,2022-Q1,106.071947748796
ITA,NOMINAL,2022-Q2,107.116040672042
ITA,NOMINAL,2022-Q3,106.758104705316
ITA,NOMINAL,2022-Q4,107.653906888836
JPN,NOMINAL,2010-Q2,95.3297616755958
JPN,NOMINAL,2010-Q3,95.2187619530951
JPN,NOMINAL,2010-Q4,95.9317601705996
JPN,NOMINAL,2011-Q1,95.6507608730978
JPN,NOMINAL,2011-Q2,95.4927612680968
JPN,NOMINAL,2011-Q3,95.514761213097
JPN,NOMINAL,2011-Q4,95.0207624480939
JPN,NOMINAL,2012-Q1,95.1037622405944
JPN,NOMINAL,2012-Q2,94.3097642255894
JPN,NOMINAL,2012-Q3,94.1727645680886
JPN,NOMINAL,2012-Q4,94.7617630955923
JPN,NOMINAL,2013-Q1,94.5117637205907
JPN,NOMINAL,2013-Q2,95.9067602330994
JPN,NOMINAL,2013-Q3,96.5607585981035
JPN,NOMINAL,2013-Q4,97.6117559706101
JPN,NOMINAL,2014-Q1,97.3227566931083
JPN,NOMINAL,2014-Q2,97.2237569406077
JPN,NOMINAL,2014-Q3,97.60675598311
JPN,NOMINAL,2014-Q4,98.4367539081152
JPN,NOMINAL,2015-Q1,99.4307514231214
JPN,NOMINAL,2015-Q2,99.5747510631223
JPN,NOMINAL,2015-Q3,100.462748843128
JPN,NOMINAL,2015-Q4,100.531748670628
JPN,NOMINAL,2016-Q1,100.891747770631
JPN,NOMINAL,2016-Q2,102.46374384064
JPN,NOMINAL,2016-Q3,102.288744278139
JPN,NOMINAL,2016-Q4,103.207741980645
JPN,NOMINAL,2017-Q1,104.670738323154
JPN,NOMINAL,2017-Q2,104.504738738153
JPN,NOMINAL,2017-Q3,104.921737695656
JPN,NOMINAL,2017-Q4,105.122737193157
JPN,NOMINAL,2018-Q1,106.208734478164
JPN,NOMINAL,2018-Q2,106.496733758166
JPN,NOMINAL,2018-Q3,106.849732875668
JPN,NOMINAL,2018-Q4,107.847730380674
JPN,NOMINAL,2019-Q1,108.573728565679
JPN,NOMINAL,2019-Q2,108.549728625678
JPN,NOMINAL,2019-Q3,108.197729505676
JPN,NOMINAL,2019-Q4,108.908727728181
JPN,NOMINAL,2020-Q1,108.072729818175
JPN,NOMINAL,2020-Q2,107.811730470674
JPN,NOMINAL,2020-Q3,108.039729900675
JPN,NOMINAL,2020-Q4,110.621723445691
JPN,NOMINAL,2021-Q1,111.652720868198
JPN,NOMINAL,2021-Q2,113.713715715711
JPN,NOMINAL,2021-Q3,116.79970800073
JPN,NOMINAL,2021-Q4,118.276704308239
JPN,NOMINAL,2022-Q1,121.767695580761
JPN,NOMINAL,2022-Q2,124.128689678276
JPN,NOMINAL,2022-Q3,125.941685145787
JPN,NOMINAL,2022-Q4,127.719680700798
KOR,NOMINAL,2010-Q2,91.0404189426041
KOR,NOMINAL,2010-Q3,90.8533132365067
KOR,NOMINAL,2010-Q4,91.7996710871826
KOR,NOMINAL,2011-Q1,93.5849841055815
KOR,NOMINAL,2011-Q2,95.092510295104
KOR,NOMINAL,2011-Q3,96.4860839057275
KOR,NOMINAL,2011-Q4,97.4010230420974
KOR,NOMINAL,2012-Q1,97.6080163641824
KOR,NOMINAL,2012-Q2,97.1729196416268
KOR,NOMINAL,2012-Q3,96.5320635766672
KOR,NOMINAL,2012-Q4,95.9607500565868
KOR,NOMINAL,2013-Q1,95.4572519125615
KOR,NOMINAL,2013-Q2,95.7244773780621
KOR,NOMINAL,2013-Q3,95.6872575122392
KOR,NOMINAL,2013-Q4,96.2092845506626
KOR,NOMINAL,2014-Q1,96.9029250336364
KOR,NOMINAL,2014-Q2,96.9659210084506
KOR,NOMINAL,2014-Q3,97.3984971790794
KOR,NOMINAL,2014-Q4,97.8189421949619
KOR,NOMINAL,2015-Q1,98.5432715951555
KOR,NOMINAL,2015-Q2,99.6624012800267
KOR,NOMINAL,2015-Q3,100.565011887725
KOR,NOMINAL,2015-Q4,101.229315237092
KOR,NOMINAL,2016-Q1,101.374112161763
KOR,NOMINAL,2016-Q2,101.490761727158
KOR,NOMINAL,2016-Q3,101.679167195228
KOR,NOMINAL,2016-Q4,101.942182529474
KOR,NOMINAL,2017-Q1,102.10833454882
KOR,NOMINAL,2017-Q2,102.661758750888
KOR,NOMINAL,2017-Q3,103.188416710228
KOR,NOMINAL,2017-Q4,103.45570355318
KOR,NOMINAL,2018-Q1,103.972118889544
KOR,NOMINAL,2018-Q2,104.119645740681
KOR,NOMINAL,2018-Q3,104.393708776937
KOR,NOMINAL,2018-Q4,104.615583820946
KOR,NOMINAL,2019-Q1,104.156162704335
KOR,NOMINAL,2019-Q2,103.814249977508
KOR,NOMINAL,2019-Q3,103.624554151916
KOR,NOMINAL,2019-Q4,104.278145530289
KOR,NOMINAL,2020-Q1,105.424599978064
KOR,NOMINAL,2020-Q2,106.455522142672
KOR,NOMINAL,2020-Q3,108.020276110728
KOR,NOMINAL,2020-Q4,109.902593617699
KOR,NOMINAL,2021-Q1,112.484556196258
KOR,NOMINAL,2021-Q2,115.538496354668
KOR,NOMINAL,2021-Q3,118.680154107366
KOR,NOMINAL,2021-Q4,120.856050293222
KOR,NOMINAL,2022-Q1,120.88792784194
KOR,NOMINAL,2022-Q2,121.11730521938
KOR,NOMINAL,2022-Q3,120.052014805467
KOR,NOMINAL,2022-Q4,115.224252418212
LUX,NOMINAL,2010-Q2,78.6357215974968
LUX,NOMINAL,2010-Q3,80.4819034351937
LUX,NOMINAL,2010-Q4,80.7896091118544
LUX,NOMINAL,2011-Q1,81.4973841395384
LUX,NOMINAL,2011-Q2,82.5364440011785
LUX,NOMINAL,2011-Q3,83.2127534458514
LUX,NOMINAL,2011-Q4,85.1032492880085
LUX,NOMINAL,2012-Q1,85.165443326018
LUX,NOMINAL,2012-Q2,85.9835465178303
LUX,NOMINAL,2012-Q3,86.7566392119147
LUX,NOMINAL,2012-Q4,88.396236698901
LUX,NOMINAL,2013-Q1,89.7563314756621
LUX,NOMINAL,2013-Q2,90.0141128949413
LUX,NOMINAL,2013-Q3,91.5497588745423
LUX,NOMINAL,2013-Q4,92.2587057021262
LUX,NOMINAL,2014-Q1,91.94052804447
LUX,NOMINAL,2014-Q2,94.4431061861746
LUX,NOMINAL,2014-Q3,96.0029358984644
LUX,NOMINAL,2014-Q4,97.1243786482624
LUX,NOMINAL,2015-Q1,98.3387554859923
LUX,NOMINAL,2015-Q2,99.5432724509817
LUX,NOMINAL,2015-Q3,101.196853573816
LUX,NOMINAL,2015-Q4,100.92111848921
LUX,NOMINAL,2016-Q1,103.099227892879
LUX,NOMINAL,2016-Q2,105.039252581227
LUX,NOMINAL,2016-Q3,106.940360679729
LUX,NOMINAL,2016-Q4,108.946218908815
LUX,NOMINAL,2017-Q1,110.183113257596
LUX,NOMINAL,2017-Q2,111.740033337751
LUX,NOMINAL,2017-Q3,112.282284295511
LUX,NOMINAL,2017-Q4,113.633688706941
LUX,NOMINAL,2018-Q1,116.984103092845
LUX,NOMINAL,2018-Q2,117.446968284066
LUX,NOMINAL,2018-Q3,120.904608681049
LUX,NOMINAL,2018-Q4,124.111518560038
LUX,NOMINAL,2019-Q1,124.89514128514
LUX,NOMINAL,2019-Q2,130.995351437963
LUX,NOMINAL,2019-Q3,134.620852913245
LUX,NOMINAL,2019-Q4,137.43597423195
LUX,NOMINAL,2020-Q1,142.307764668063
LUX,NOMINAL,2020-Q2,148.513229092884
LUX,NOMINAL,2020-Q3,153.20900183623
LUX,NOMINAL,2020-Q4,160.428515549101
LUX,NOMINAL,2021-Q1,166.560802663643
LUX,NOMINAL,2021-Q2,168.628787158031
LUX,NOMINAL,2021-Q3,173.460123897021
LUX,NOMINAL,2021-Q4,179.955007793108
LUX,NOMINAL,2022-Q1,183.571971756659
LUX,NOMINAL,2022-Q2,188.333266481237
LUX,NOMINAL,2022-Q3,192.614420635732
LUX,NOMINAL,2022-Q4,190.053227582111
MEX,NOMINAL,2010-Q2,76.5935395389725
MEX,NOMINAL,2010-Q3,77.5909016360405
MEX,NOMINAL,2010-Q4,78.9020706931979
MEX,NOMINAL,2011-Q1,80.2509284372273
MEX,NOMINAL,2011-Q2,81.3397890716246
MEX,NOMINAL,2011-Q3,82.2502088612592
MEX,NOMINAL,2011-Q4,83.2172559844333
MEX,NOMINAL,2012-Q1,83.4713824011395
MEX,NOMINAL,2012-Q2,83.8719684640853
MEX,NOMINAL,2012-Q3,84.6146444294115
MEX,NOMINAL,2012-Q4,85.5121610299732
MEX,NOMINAL,2013-Q1,86.6516223090709
MEX,NOMINAL,2013-Q2,88.1517575294955
MEX,NOMINAL,2013-Q3,89.420410956228
MEX,NOMINAL,2013-Q4,90.5303223199232
MEX,NOMINAL,2014-Q1,91.636422207264
MEX,NOMINAL,2014-Q2,91.8400163030591
MEX,NOMINAL,2014-Q3,92.3711668635364
MEX,NOMINAL,2014-Q4,94.0144699709525
MEX,NOMINAL,2015-Q1,95.6476046416707
MEX,NOMINAL,2015-Q2,98.8450703114446
MEX,NOMINAL,2015-Q3,101.84926840296
MEX,NOMINAL,2015-Q4,103.658056643925
MEX,NOMINAL,2016-Q1,104.773836796234
MEX,NOMINAL,2016-Q2,106.508946598625
MEX,NOMINAL,2016-Q3,108.052948116521
MEX,NOMINAL,2016-Q4,109.794195663802
MEX,NOMINAL,2017-Q1,112.420004327077
MEX,NOMINAL,2017-Q2,114.453494497417
MEX,NOMINAL,2017-Q3,116.663858275297
MEX,NOMINAL,2017-Q4,119.2094860331
MEX,NOMINAL,2018-Q1,121.822923534153
MEX,NOMINAL,2018-Q2,124.347770956417
MEX,NOMINAL,2018-Q3,127.331591423021
MEX,NOMINAL,2018-Q4,130.303454572059
MEX,NOMINAL,2019-Q1,132.776451611224
MEX,NOMINAL,2019-Q2,135.741499229825
MEX,NOMINAL,2019-Q3,138.165523741928
MEX,NOMINAL,2019-Q4,140.272158027942
MEX,NOMINAL,2020-Q1,142.173349171771
MEX,NOMINAL,2020-Q2,143.519640963981
MEX,NOMINAL,2020-Q3,145.154264679759
MEX,NOMINAL,2020-Q4,147.900298315605
MEX,NOMINAL,2021-Q1,151.40995206278
MEX,NOMINAL,2021-Q2,154.711225742878
MEX,NOMINAL,2021-Q3,157.713440547839
MEX,NOMINAL,2021-Q4,160.458820912906
MEX,NOMINAL,2022-Q1,163.128341399879
MEX,NOMINAL,2022-Q2,167.066426921746
MEX,NOMINAL,2022-Q3,172.542526677937
MEX,NOMINAL,2022-Q4,177.154005278796
NLD,NOMINAL,2010-Q2,111.943054095705
NLD,NOMINAL,2010-Q3,111.401888127847
NLD,NOMINAL,2010-Q4,110.880349875448
NLD,NOMINAL,2011-Q1,110.944196965373
NLD,NOMINAL,2011-Q2,109.991593401779
NLD,NOMINAL,2011-Q3,108.836144777853
NLD,NOMINAL,2011-Q4,107.097064854995
NLD,NOMINAL,2012-Q1,104.944985520712
NLD,NOMINAL,2012-Q2,103.752360719051
NLD,NOMINAL,2012-Q3,99.0950019725807
NLD,NOMINAL,2012-Q4,99.7496517876566
NLD,NOMINAL,2013-Q1,96.9348288335358
NLD,NOMINAL,2013-Q2,95.3924867807808
NLD,NOMINAL,2013-Q3,95.3770685908656
NLD,NOMINAL,2013-Q4,95.3816157948186
NLD,NOMINAL,2014-Q1,95.7220357752945
NLD,NOMINAL,2014-Q2,96.601522760516
NLD,NOMINAL,2014-Q3,96.5634327849691
NLD,NOMINAL,2014-Q4,97.3390086792212
NLD,NOMINAL,2015-Q1,98.2326605780813
NLD,NOMINAL,2015-Q2,99.4460664780214
NLD,NOMINAL,2015-Q3,100.797712113349
NLD,NOMINAL,2015-Q4,101.523560830548
NLD,NOMINAL,2016-Q1,102.732840763894
NLD,NOMINAL,2016-Q2,103.915303660298
NLD,NOMINAL,2016-Q3,105.913550181361
NLD,NOMINAL,2016-Q4,107.644305394447
NLD,NOMINAL,2017-Q1,109.647899966992
NLD,NOMINAL,2017-Q2,111.669321774237
NLD,NOMINAL,2017-Q3,113.727546143223
NLD,NOMINAL,2017-Q4,116.868232115548
NLD,NOMINAL,2018-Q1,119.861473531471
NLD,NOMINAL,2018-Q2,121.931247899128
NLD,NOMINAL,2018-Q3,125.325523779661
NLD,NOMINAL,2018-Q4,127.50475478974
NLD,NOMINAL,2019-Q1,129.672601909868
NLD,NOMINAL,2019-Q2,131.971412567374
NLD,NOMINAL,2019-Q3,133.126736995107
NLD,NOMINAL,2019-Q4,135.861248527652
NLD,NOMINAL,2020-Q1,137.776871133767
NLD,NOMINAL,2020-Q2,141.208159302711
NLD,NOMINAL,2020-Q3,144.331163035821
NLD,NOMINAL,2020-Q4,147.725806527701
NLD,NOMINAL,2021-Q1,153.27966106962
NLD,NOMINAL,2021-Q2,159.566738082037
NLD,NOMINAL,2021-Q3,168.505728964058
NLD,NOMINAL,2021-Q4,175.611871889646
NLD,NOMINAL,2022-Q1,182.989960700352
NLD,NOMINAL,2022-Q2,188.352159439435
NLD,NOMINAL,2022-Q3,189.072587157076
NZL,NOMINAL,2010-Q2,73.0417665361032
NZL,NOMINAL,2010-Q3,72.4377904650469
NZL,NOMINAL,2010-Q4,72.4265867902327
NZL,NOMINAL,2011-Q1,72.6435159146557
NZL,NOMINAL,2011-Q2,73.1519366639914
NZL,NOMINAL,2011-Q3,73.9053900615865
NZL,NOMINAL,2011-Q4,74.0814229041028
NZL,NOMINAL,2012-Q1,74.9233504687271
NZL,NOMINAL,2012-Q2,75.9415761269937
NZL,NOMINAL,2012-Q3,77.1644374426764
NZL,NOMINAL,2012-Q4,78.8788686910212
NZL,NOMINAL,2013-Q1,80.751685388708
NZL,NOMINAL,2013-Q2,82.5497122443525
NZL,NOMINAL,2013-Q3,84.8410316943063
NZL,NOMINAL,2013-Q4,85.9927353347217
NZL,NOMINAL,2014-Q1,86.9287302705038
NZL,NOMINAL,2014-Q2,87.8077038533026
NZL,NOMINAL,2014-Q3,88.9103153504807
NZL,NOMINAL,2014-Q4,92.1883609379371
NZL,NOMINAL,2015-Q1,95.0856296375073
NZL,NOMINAL,2015-Q2,98.367876213593
NZL,NOMINAL,2015-Q3,102.731095540647
NZL,NOMINAL,2015-Q4,103.815398608253
NZL,NOMINAL,2016-Q1,107.515534269136
NZL,NOMINAL,2016-Q2,113.361029452363
NZL,NOMINAL,2016-Q3,117.279525475848
NZL,NOMINAL,2016-Q4,118.556769020507
NZL,NOMINAL,2017-Q1,120.335433780094
NZL,NOMINAL,2017-Q2,121.097459697066
NZL,NOMINAL,2017-Q3,121.726909399279
NZL,NOMINAL,2017-Q4,123.224981161602
NZL,NOMINAL,2018-Q1,124.340059203974
NZL,NOMINAL,2018-Q2,125.771158781599
NZL,NOMINAL,2018-Q3,126.674838492496
NZL,NOMINAL,2018-Q4,127.07668386508
NZL,NOMINAL,2019-Q1,127.231270306533
NZL,NOMINAL,2019-Q2,128.570946092081
NZL,NOMINAL,2019-Q3,130.921623409157
NZL,NOMINAL,2019-Q4,132.875861192977
NZL,NOMINAL,2020-Q1,136.56548684044
NZL,NOMINAL,2020-Q2,137.594420957541
NZL,NOMINAL,2020-Q3,144.32476055205
NZL,NOMINAL,2020-Q4,153.952900556048
NZL,NOMINAL,2021-Q1,167.360669103743
NZL,NOMINAL,2021-Q2,176.962633087352
NZL,NOMINAL,2021-Q3,185.924179992195
NZL,NOMINAL,2021-Q4,193.676707999593
NZL,NOMINAL,2022-Q1,189.914414059609
NZL,NOMINAL,2022-Q2,186.104112000464
NZL,NOMINAL,2022-Q3,179.354549122678
NOR,NOMINAL,2010-Q2,75.7984874070443
NOR,NOMINAL,2010-Q3,76.8005103578408
NOR,NOMINAL,2010-Q4,78.5477131738223
NOR,NOMINAL,2011-Q1,81.0156862631763
NOR,NOMINAL,2011-Q2,81.4706377573599
NOR,NOMINAL,2011-Q3,83.1877650112385
NOR,NOMINAL,2011-Q4,84.7259109682253
NOR,NOMINAL,2012-Q1,86.0899126435467
NOR,NOMINAL,2012-Q2,87.1068436741482
NOR,NOMINAL,2012-Q3,89.0438729668621
NOR,NOMINAL,2012-Q4,90.5593707154429
NOR,NOMINAL,2013-Q1,91.5421684252098
NOR,NOMINAL,2013-Q2,92.1305417005041
NOR,NOMINAL,2013-Q3,91.8024654440578
NOR,NOMINAL,2013-Q4,91.5248244302282
NOR,NOMINAL,2014-Q1,91.8380919706967
NOR,NOMINAL,2014-Q2,93.3914835827715
NOR,NOMINAL,2014-Q3,94.912434896039
NOR,NOMINAL,2014-Q4,96.8579895504928
NOR,NOMINAL,2015-Q1,98.3925600528525
NOR,NOMINAL,2015-Q2,99.6268265417685
NOR,NOMINAL,2015-Q3,100.684067432824
NOR,NOMINAL,2015-Q4,101.296545972555
NOR,NOMINAL,2016-Q1,102.791077433704
NOR,NOMINAL,2016-Q2,105.129734067178
NOR,NOMINAL,2016-Q3,108.647411612939
NOR,NOMINAL,2016-Q4,111.531776886178
NOR,NOMINAL,2017-Q1,113.189112743928
NOR,NOMINAL,2017-Q2,112.408355132784
NOR,NOMINAL,2017-Q3,111.424628966521
NOR,NOMINAL,2017-Q4,112.377903156767
NOR,NOMINAL,2018-Q1,112.095607188283
NOR,NOMINAL,2018-Q2,114.199502786727
NOR,NOMINAL,2018-Q3,114.669977940153
NOR,NOMINAL,2018-Q4,114.934912084837
NOR,NOMINAL,2019-Q1,115.601340783695
NOR,NOMINAL,2019-Q2,116.366496283051
NOR,NOMINAL,2019-Q3,117.274486528267
NOR,NOMINAL,2019-Q4,117.957676404987
NOR,NOMINAL,2020-Q1,117.824096331658
NOR,NOMINAL,2020-Q2,119.33149898627
NOR,NOMINAL,2020-Q3,122.894376177505
NOR,NOMINAL,2020-Q4,127.050028504567
NOR,NOMINAL,2021-Q1,130.91363128128
NOR,NOMINAL,2021-Q2,133.988166104061
NOR,NOMINAL,2021-Q3,135.72112309212
NOR,NOMINAL,2021-Q4,137.477079522539
NOR,NOMINAL,2022-Q1,140.311871512781
NOR,NOMINAL,2022-Q2,142.41648734614
NOR,NOMINAL,2022-Q3,142.310546120349
NOR,NOMINAL,2022-Q4,141.261095046939
POL,NOMINAL,2010-Q2,105.446566498641
POL,NOMINAL,2010-Q3,105.679591362672
POL,NOMINAL,2010-Q4,106.372400984406
POL,NOMINAL,2011-Q1,106.364791308806
POL,NOMINAL,2011-Q2,106.159382049717
POL,NOMINAL,2011-Q3,105.156006011286
POL,NOMINAL,2011-Q4,105.099820630191
POL,NOMINAL,2012-Q1,104.059648650997
POL,NOMINAL,2012-Q2,102.47018680864
POL,NOMINAL,2012-Q3,101.177817551248
POL,NOMINAL,2012-Q4,100.312346989116
POL,NOMINAL,2013-Q1,98.2542004885378
POL,NOMINAL,2013-Q2,97.2117441841921
POL,NOMINAL,2013-Q3,97.2479633823524
POL,NOMINAL,2013-Q4,97.4260919449181
POL,NOMINAL,2014-Q1,97.6706363863043
POL,NOMINAL,2014-Q2,99.0538126502012
POL,NOMINAL,2014-Q3,98.4374013782805
POL,NOMINAL,2014-Q4,98.8381495852144
POL,NOMINAL,2015-Q1,99.5372247954914
POL,NOMINAL,2015-Q2,100.208480931316
POL,NOMINAL,2015-Q3,100.408801096894
POL,NOMINAL,2015-Q4,99.8454931762984
POL,NOMINAL,2016-Q1,100.405890698358
POL,NOMINAL,2016-Q2,100.61834310743
POL,NOMINAL,2016-Q3,102.545645873796
POL,NOMINAL,2016-Q4,103.860120320416
POL,NOMINAL,2017-Q1,103.632514740846
POL,NOMINAL,2017-Q2,105.240971912323
POL,NOMINAL,2017-Q3,106.379751904497
POL,NOMINAL,2017-Q4,107.876761442334
POL,NOMINAL,2018-Q1,109.698587428588
POL,NOMINAL,2018-Q2,111.750105810898
POL,NOMINAL,2018-Q3,113.362309606039
POL,NOMINAL,2018-Q4,116.158997154475
POL,NOMINAL,2019-Q1,118.462945148064
POL,NOMINAL,2019-Q2,120.909532212781
POL,NOMINAL,2019-Q3,123.557633799768
POL,NOMINAL,2019-Q4,127.159888839387
POL,NOMINAL,2020-Q1,131.704541214555
POL,NOMINAL,2020-Q2,134.120215302155
POL,NOMINAL,2020-Q3,137.020569345261
POL,NOMINAL,2020-Q4,138.604674138029
POL,NOMINAL,2021-Q1,141.109754080274
POL,NOMINAL,2021-Q2,145.369567801186
POL,NOMINAL,2021-Q3,149.185113313984
POL,NOMINAL,2021-Q4,155.425564804555
POL,NOMINAL,2022-Q1,160.207685858988
POL,NOMINAL,2022-Q2,163.396097456051
POL,NOMINAL,2022-Q3,167.231686225985
POL,NOMINAL,2022-Q4,169.984530468
PRT,NOMINAL,2010-Q2,108.058617208927
PRT,NOMINAL,2010-Q3,107.394943920568
PRT,NOMINAL,2010-Q4,106.390470850882
PRT,NOMINAL,2011-Q1,105.2974964518
PRT,NOMINAL,2011-Q2,103.100702217629
PRT,NOMINAL,2011-Q3,101.590730239596
PRT,NOMINAL,2011-Q4,98.3810710909763
PRT,NOMINAL,2012-Q1,96.7459509875529
PRT,NOMINAL,2012-Q2,94.552507775557
PRT,NOMINAL,2012-Q3,93.7741389658652
PRT,NOMINAL,2012-Q4,94.4174022710249
PRT,NOMINAL,2013-Q1,92.4491700993484
PRT,NOMINAL,2013-Q2,92.0864208413923
PRT,NOMINAL,2013-Q3,92.7972754899978
PRT,NOMINAL,2013-Q4,95.0071335692616
PRT,NOMINAL,2014-Q1,96.2621698137188
PRT,NOMINAL,2014-Q2,97.4071068863265
PRT,NOMINAL,2014-Q3,97.3122398583845
PRT,NOMINAL,2014-Q4,97.1684834415701
PRT,NOMINAL,2015-Q1,97.1023864216281
PRT,NOMINAL,2015-Q2,100.120366632709
PRT,NOMINAL,2015-Q3,100.61762112556
PRT,NOMINAL,2015-Q4,102.159625820103
PRT,NOMINAL,2016-Q1,103.803517469585
PRT,NOMINAL,2016-Q2,106.333494928417
PRT,NOMINAL,2016-Q3,108.230810354578
PRT,NOMINAL,2016-Q4,110.09217724742
PRT,NOMINAL,2017-Q1,111.890167095365
PRT,NOMINAL,2017-Q2,114.840413984725
PRT,NOMINAL,2017-Q3,119.53873442536
PRT,NOMINAL,2017-Q4,121.790684494551
PRT,NOMINAL,2018-Q1,125.394770485784
PRT,NOMINAL,2018-Q2,127.779153971921
PRT,NOMINAL,2018-Q3,129.702210292978
PRT,NOMINAL,2018-Q4,133.253865249318
PRT,NOMINAL,2019-Q1,136.756079623997
PRT,NOMINAL,2019-Q2,139.916258334804
PRT,NOMINAL,2019-Q3,143.728050710359
PRT,NOMINAL,2019-Q4,147.129611330839
PRT,NOMINAL,2020-Q1,151.13091278971
PRT,NOMINAL,2020-Q2,153.619793334298
PRT,NOMINAL,2020-Q3,153.703801638755
PRT,NOMINAL,2020-Q4,158.855492237237
PRT,NOMINAL,2021-Q1,161.068275650264
PRT,NOMINAL,2021-Q2,165.649404553033
PRT,NOMINAL,2021-Q3,171.3982139951
PRT,NOMINAL,2021-Q4,177.244105818183
PRT,NOMINAL,2022-Q1,181.914543370837
PRT,NOMINAL,2022-Q2,187.483654384295
PRT,NOMINAL,2022-Q3,193.905137059346
SVK,NOMINAL,2010-Q2,96.8793536744034
SVK,NOMINAL,2010-Q3,96.1734693147943
SVK,NOMINAL,2010-Q4,96.51886630022
SVK,NOMINAL,2011-Q1,96.5236686851007
SVK,NOMINAL,2011-Q2,95.0427875819974
SVK,NOMINAL,2011-Q3,95.42977107689
SVK,NOMINAL,2011-Q4,94.3208193633948
SVK,NOMINAL,2012-Q1,93.5298031768808
SVK,NOMINAL,2012-Q2,92.6573152896858
SVK,NOMINAL,2012-Q3,93.1745634974795
SVK,NOMINAL,2012-Q4,91.6553904932725
SVK,NOMINAL,2013-Q1,93.5663594016322
SVK,NOMINAL,2013-Q2,93.6092565250184
SVK,NOMINAL,2013-Q3,93.4972851095953
SVK,NOMINAL,2013-Q4,93.6741630960936
SVK,NOMINAL,2014-Q1,93.4653720141006
SVK,NOMINAL,2014-Q2,94.5543406688518
SVK,NOMINAL,2014-Q3,94.6881934315343
SVK,NOMINAL,2014-Q4,96.9191448178858
SVK,NOMINAL,2015-Q1,98.4775656118435
SVK,NOMINAL,2015-Q2,99.67332943085
SVK,NOMINAL,2015-Q3,100.260551570577
SVK,NOMINAL,2015-Q4,101.588553386729
SVK,NOMINAL,2016-Q1,103.453046464874
SVK,NOMINAL,2016-Q2,105.536280220956
SVK,NOMINAL,2016-Q3,107.813539724052
SVK,NOMINAL,2016-Q4,110.008066562785
SVK,NOMINAL,2017-Q1,107.394154521783
SVK,NOMINAL,2017-Q2,112.57714809108
SVK,NOMINAL,2017-Q3,115.64599755653
SVK,NOMINAL,2017-Q4,116.343569928432
SVK,NOMINAL,2018-Q1,120.011364533548
SVK,NOMINAL,2018-Q2,120.594423044546
SVK,NOMINAL,2018-Q3,120.549376258217
SVK,NOMINAL,2018-Q4,124.125622961722
SVK,NOMINAL,2019-Q1,127.057537420993
SVK,NOMINAL,2019-Q2,130.825521178677
SVK,NOMINAL,2019-Q3,134.267876770861
SVK,NOMINAL,2019-Q4,137.429740677778
SVK,NOMINAL,2020-Q1,144.009605349205
SVK,NOMINAL,2020-Q2,143.586742644407
SVK,NOMINAL,2020-Q3,145.385972306915
SVK,NOMINAL,2020-Q4,147.262229088099
SVK,NOMINAL,2021-Q1,147.046640287511
SVK,NOMINAL,2021-Q2,150.518099024655
SVK,NOMINAL,2021-Q3,156.848294158345
SVK,NOMINAL,2021-Q4,162.921423193348
SVK,NOMINAL,2022-Q1,168.022434502733
SVK,NOMINAL,2022-Q2,175.617097500478
SVK,NOMINAL,2022-Q3,179.479053832532
SVK,NOMINAL,2022-Q4,178.766659427132
ESP,NOMINAL,2010-Q2,135.599911463251
ESP,NOMINAL,2010-Q3,133.664388978825
ESP,NOMINAL,2010-Q4,133.651318283911
ESP,NOMINAL,2011-Q1,130.530390241486
ESP,NOMINAL,2011-Q2,127.204919484887
ESP,NOMINAL,2011-Q3,122.728703350639
ESP,NOMINAL,2011-Q4,116.616744221097
ESP,NOMINAL,2012-Q1,111.937765904536
ESP,NOMINAL,2012-Q2,106.992607088556
ESP,NOMINAL,2012-Q3,102.909112442811
ESP,NOMINAL,2012-Q4,101.781455511744
ESP,NOMINAL,2013-Q1,97.5508691786126
ESP,NOMINAL,2013-Q2,95.6758260560569
ESP,NOMINAL,2013-Q3,96.1852376950027
ESP,NOMINAL,2013-Q4,95.5451046777345
ESP,NOMINAL,2014-Q1,95.9036261591509
ESP,NOMINAL,2014-Q2,96.3816008616818
ESP,NOMINAL,2014-Q3,96.4900052965637
ESP,NOMINAL,2014-Q4,97.381802290018
ESP,NOMINAL,2015-Q1,97.2580554426978
ESP,NOMINAL,2015-Q2,100.202891068644
ESP,NOMINAL,2015-Q3,100.818841463732
ESP,NOMINAL,2015-Q4,101.720212024927
ESP,NOMINAL,2016-Q1,103.188699029805
ESP,NOMINAL,2016-Q2,104.09112158523
ESP,NOMINAL,2016-Q3,104.923575198892
ESP,NOMINAL,2016-Q4,106.287557958689
ESP,NOMINAL,2017-Q1,108.540711500304
ESP,NOMINAL,2017-Q2,110.055697737424
ESP,NOMINAL,2017-Q3,111.868729108115
ESP,NOMINAL,2017-Q4,113.955750601935
ESP,NOMINAL,2018-Q1,115.241219172791
ESP,NOMINAL,2018-Q2,117.707186222599
ESP,NOMINAL,2018-Q3,119.78878787634
ESP,NOMINAL,2018-Q4,121.583620926236
ESP,NOMINAL,2019-Q1,123.11556244484
ESP,NOMINAL,2019-Q2,124.190474044466
ESP,NOMINAL,2019-Q3,125.456408342052
ESP,NOMINAL,2019-Q4,126.098308016761
ESP,NOMINAL,2020-Q1,127.121227097785
ESP,NOMINAL,2020-Q2,126.943111963722
ESP,NOMINAL,2020-Q3,127.708534769402
ESP,NOMINAL,2020-Q4,128.247851117279
ESP,NOMINAL,2021-Q1,128.327400878141
ESP,NOMINAL,2021-Q2,131.062092774375
ESP,NOMINAL,2021-Q3,133.053709053471
ESP,NOMINAL,2021-Q4,136.337475342318
ESP,NOMINAL,2022-Q1,139.296726638702
ESP,NOMINAL,2022-Q2,141.565475639223
ESP,NOMINAL,2022-Q3,143.23364136444
ESP,NOMINAL,2022-Q4,143.817736575856
SWE,NOMINAL,2010-Q2,73.0045014247625
SWE,NOMINAL,2010-Q3,74.0358357695866
SWE,NOMINAL,2010-Q4,76.1074633853257
SWE,NOMINAL,2011-Q1,76.4830336625167
SWE,NOMINAL,2011-Q2,76.1080778972993
SWE,NOMINAL,2011-Q3,75.8416807994271
SWE,NOMINAL,2011-Q4,75.0572076407565
SWE,NOMINAL,2012-Q1,75.6201552944582
SWE,NOMINAL,2012-Q2,76.5168194373006
SWE,NOMINAL,2012-Q3,77.2488736836454
SWE,NOMINAL,2012-Q4,77.9141515845953
SWE,NOMINAL,2013-Q1,78.7088282803834
SWE,NOMINAL,2013-Q2,80.0452392616543
SWE,NOMINAL,2013-Q3,81.1837483049226
SWE,NOMINAL,2013-Q4,83.2021841530393
SWE,NOMINAL,2014-Q1,85.1910518453834
SWE,NOMINAL,2014-Q2,87.0247622455987
SWE,NOMINAL,2014-Q3,89.5537844341838
SWE,NOMINAL,2014-Q4,91.8404014748337
SWE,NOMINAL,2015-Q1,95.2614685311936
SWE,NOMINAL,2015-Q2,98.3623123438595
SWE,NOMINAL,2015-Q3,101.619427351447
SWE,NOMINAL,2015-Q4,104.7567917735
SWE,NOMINAL,2016-Q1,105.796184941128
SWE,NOMINAL,2016-Q2,106.905505931743
SWE,NOMINAL,2016-Q3,108.772588192598
SWE,NOMINAL,2016-Q4,111.495720934531
SWE,NOMINAL,2017-Q1,114.244725568705
SWE,NOMINAL,2017-Q2,115.963354514628
SWE,NOMINAL,2017-Q3,116.964380021291
SWE,NOMINAL,2017-Q4,114.537539895376
SWE,NOMINAL,2018-Q1,113.498836747496
SWE,NOMINAL,2018-Q2,113.948974395074
SWE,NOMINAL,2018-Q3,114.569833213793
SWE,NOMINAL,2018-Q4,115.382355643637
SWE,NOMINAL,2019-Q1,115.181270670443
SWE,NOMINAL,2019-Q2,116.327507377235
SWE,NOMINAL,2019-Q3,118.005857979177
SWE,NOMINAL,2019-Q4,119.235363973146
SWE,NOMINAL,2020-Q1,120.319028986526
SWE,NOMINAL,2020-Q2,120.018941638014
SWE,NOMINAL,2020-Q3,122.473052711688
SWE,NOMINAL,2020-Q4,125.628976663771
SWE,NOMINAL,2021-Q1,128.884921223472
SWE,NOMINAL,2021-Q2,133.069462402467
SWE,NOMINAL,2021-Q3,136.460094435612
SWE,NOMINAL,2021-Q4,139.43552193845
SWE,NOMINAL,2022-Q1,142.093739563217
SWE,NOMINAL,2022-Q2,142.461368974916
SWE,NOMINAL,2022-Q3,138.099743716705
SWE,NOMINAL,2022-Q4,134.345147758784
CHE,NOMINAL,2010-Q2,81.5946319924854
CHE,NOMINAL,2010-Q3,82.7446159700429
CHE,NOMINAL,2010-Q4,84.9287427014357
CHE,NOMINAL,2011-Q1,85.8608095821421
CHE,NOMINAL,2011-Q2,87.6865655410349
CHE,NOMINAL,2011-Q3,88.6356791597384
CHE,NOMINAL,2011-Q4,89.3099457170849
CHE,NOMINAL,2012-Q1,90.7690709145321
CHE,NOMINAL,2012-Q2,91.6885728720344
CHE,NOMINAL,2012-Q3,92.8679615043153
CHE,NOMINAL,2012-Q4,93.1553947091185
CHE,NOMINAL,2013-Q1,93.8861549002773
CHE,NOMINAL,2013-Q2,94.8642787998357
CHE,NOMINAL,2013-Q3,94.796846651068
CHE,NOMINAL,2013-Q4,95.9247196488194
CHE,NOMINAL,2014-Q1,96.1951384654311
CHE,NOMINAL,2014-Q2,97.3929111186725
CHE,NOMINAL,2014-Q3,97.090166762679
CHE,NOMINAL,2014-Q4,99.1247836532178
CHE,NOMINAL,2015-Q1,99.7319927480819
CHE,NOMINAL,2015-Q2,99.5094501964401
CHE,NOMINAL,2015-Q3,100.051894885228
CHE,NOMINAL,2015-Q4,100.70666217025
CHE,NOMINAL,2016-Q1,101.672511929638
CHE,NOMINAL,2016-Q2,101.70059369908
CHE,NOMINAL,2016-Q3,101.939138532818
CHE,NOMINAL,2016-Q4,101.199755838464
CHE,NOMINAL,2017-Q1,102.089126474248
CHE,NOMINAL,2017-Q2,103.223069918254
CHE,NOMINAL,2017-Q3,103.784513742931
CHE,NOMINAL,2017-Q4,105.269289864567
CHE,NOMINAL,2018-Q1,104.84968356164
CHE,NOMINAL,2018-Q2,105.942884030327
CHE,NOMINAL,2018-Q3,107.183519321111
CHE,NOMINAL,2018-Q4,108.946913086922
CHE,NOMINAL,2019-Q1,109.406493781929
CHE,NOMINAL,2019-Q2,110.665741151972
CHE,NOMINAL,2019-Q3,110.663522289918
CHE,NOMINAL,2019-Q4,111.57324277618
CHE,NOMINAL,2020-Q1,113.230189960261
CHE,NOMINAL,2020-Q2,114.332953646551
CHE,NOMINAL,2020-Q3,116.254951691254
CHE,NOMINAL,2020-Q4,117.623904701933
CHE,NOMINAL,2021-Q1,119.533733891461
CHE,NOMINAL,2021-Q2,121.538019251073
CHE,NOMINAL,2021-Q3,124.88788256552
CHE,NOMINAL,2021-Q4,127.392364291946
CHE,NOMINAL,2022-Q1,129.931267793418
CHE,NOMINAL,2022-Q2,132.197544818233
CHE,NOMINAL,2022-Q3,133.857522157658
CHE,NOMINAL,2022-Q4,134.433665232929
TUR,NOMINAL,2010-Q2,57.9433005716632
TUR,NOMINAL,2010-Q3,58.590371445913
TUR,NOMINAL,2010-Q4,59.9596704765294
TUR,NOMINAL,2011-Q1,61.1862278630911
TUR,NOMINAL,2011-Q2,61.8575518684169
TUR,NOMINAL,2011-Q3,62.8369283547256
TUR,NOMINAL,2011-Q4,64.3182919137659
TUR,NOMINAL,2012-Q1,65.8587744837162
TUR,NOMINAL,2012-Q2,67.6360310252322
TUR,NOMINAL,2012-Q3,69.2551673711551
TUR,NOMINAL,2012-Q4,70.5610271198958
TUR,NOMINAL,2013-Q1,72.453252380365
TUR,NOMINAL,2013-Q2,74.7944481553266
TUR,NOMINAL,2013-Q3,77.0366939671531
TUR,NOMINAL,2013-Q4,79.4996054971544
TUR,NOMINAL,2014-Q1,81.5527618454152
TUR,NOMINAL,2014-Q2,84.2288843702323
TUR,NOMINAL,2014-Q3,87.7695042601142
TUR,NOMINAL,2014-Q4,91.0668495242375
TUR,NOMINAL,2015-Q1,94.8112374771418
TUR,NOMINAL,2015-Q2,98.3617709539707
TUR,NOMINAL,2015-Q3,101.547035142825
TUR,NOMINAL,2015-Q4,105.279956426063
TUR,NOMINAL,2016-Q1,108.934079361704
TUR,NOMINAL,2016-Q2,111.756267958688
TUR,NOMINAL,2016-Q3,115.334049729584
TUR,NOMINAL,2016-Q4,118.437602950024
TUR,NOMINAL,2017-Q1,121.710374279248
TUR,NOMINAL,2017-Q2,124.14746090196
TUR,NOMINAL,2017-Q3,126.266573522507
TUR,NOMINAL,2017-Q4,129.442591296285
TUR,NOMINAL,2018-Q1,132.051602011461
TUR,NOMINAL,2018-Q2,134.745781671332
TUR,NOMINAL,2018-Q3,135.904684853745
TUR,NOMINAL,2018-Q4,136.859931463462
TUR,NOMINAL,2019-Q1,136.522495008554
TUR,NOMINAL,2019-Q2,136.812601520404
TUR,NOMINAL,2019-Q3,142.58558148308
TUR,NOMINAL,2019-Q4,148.176321987961
TUR,NOMINAL,2020-Q1,155.27565090762
TUR,NOMINAL,2020-Q2,166.421680693543
TUR,NOMINAL,2020-Q3,180.256116359915
TUR,NOMINAL,2020-Q4,192.884552038921
TUR,NOMINAL,2021-Q1,203.394350994832
TUR,NOMINAL,2021-Q2,216.278047390576
TUR,NOMINAL,2021-Q3,240.234760859314
TUR,NOMINAL,2021-Q4,290.228840755276
TUR,NOMINAL,2022-Q1,395.999544984669
TUR,NOMINAL,2022-Q2,528.651488515151
TUR,NOMINAL,2022-Q3,679.081228190463
TUR,NOMINAL,2022-Q4,803.038738485703
GBR,NOMINAL,2010-Q2,86.302
GBR,NOMINAL,2010-Q3,86.4
GBR,NOMINAL,2010-Q4,85.654
GBR,NOMINAL,2011-Q1,85.24
GBR,NOMINAL,2011-Q2,84.787
GBR,NOMINAL,2011-Q3,84.68
GBR,NOMINAL,2011-Q4,84.623
GBR,NOMINAL,2012-Q1,84.825
GBR,NOMINAL,2012-Q2,85.282
GBR,NOMINAL,2012-Q3,85.128
GBR,NOMINAL,2012-Q4,85.429
GBR,NOMINAL,2013-Q1,85.917
GBR,NOMINAL,2013-Q2,86.63
GBR,NOMINAL,2013-Q3,87.624
GBR,NOMINAL,2013-Q4,89.231
GBR,NOMINAL,2014-Q1,91.428
GBR,NOMINAL,2014-Q2,93.692
GBR,NOMINAL,2014-Q3,95.458
GBR,NOMINAL,2014-Q4,96.777
GBR,NOMINAL,2015-Q1,97.594
GBR,NOMINAL,2015-Q2,98.643
GBR,NOMINAL,2015-Q3,100.692
GBR,NOMINAL,2015-Q4,103.071
GBR,NOMINAL,2016-Q1,105.288
GBR,NOMINAL,2016-Q2,106.564
GBR,NOMINAL,2016-Q3,107.465
GBR,NOMINAL,2016-Q4,108.583
GBR,NOMINAL,2017-Q1,109.907
GBR,NOMINAL,2017-Q2,111.221
GBR,NOMINAL,2017-Q3,112.6
GBR,NOMINAL,2017-Q4,113.606
GBR,NOMINAL,2018-Q1,114.507
GBR,NOMINAL,2018-Q2,115.16
GBR,NOMINAL,2018-Q3,115.947
GBR,NOMINAL,2018-Q4,116.37
GBR,NOMINAL,2019-Q1,116.258
GBR,NOMINAL,2019-Q2,116.266
GBR,NOMINAL,2019-Q3,116.841
GBR,NOMINAL,2019-Q4,117.004
GBR,NOMINAL,2020-Q1,118.098
GBR,NOMINAL,2020-Q2,117.754
GBR,NOMINAL,2020-Q3,119.791
GBR,NOMINAL,2020-Q4,123.975
GBR,NOMINAL,2021-Q1,127.844
GBR,NOMINAL,2021-Q2,129.407
GBR,NOMINAL,2021-Q3,130.585
GBR,NOMINAL,2021-Q4,134.223
GBR,NOMINAL,2022-Q1,139.322
GBR,NOMINAL,2022-Q2,142.87
GBR,NOMINAL,2022-Q3,146.312
GBR,NOMINAL,2022-Q4,148.72
USA,NOMINAL,2010-Q2,87.09281818288
USA,NOMINAL,2010-Q3,85.6492133755358
USA,NOMINAL,2010-Q4,84.7989348158703
USA,NOMINAL,2011-Q1,82.9348625889113
USA,NOMINAL,2011-Q2,82.229411696002
USA,NOMINAL,2011-Q3,82.477020287553
USA,NOMINAL,2011-Q4,82.6452072553989
USA,NOMINAL,2012-Q1,82.9955967717446
USA,NOMINAL,2012-Q2,84.3130613532043
USA,NOMINAL,2012-Q3,85.3548861818054
USA,NOMINAL,2012-Q4,86.6396477417396
USA,NOMINAL,2013-Q1,88.4196264847756
USA,NOMINAL,2013-Q2,90.1949333675936
USA,NOMINAL,2013-Q3,91.619850734066
USA,NOMINAL,2013-Q4,92.5261916163468
USA,NOMINAL,2014-Q1,93.642766208435
USA,NOMINAL,2014-Q2,94.4837010476647
USA,NOMINAL,2014-Q3,95.5161821558299
USA,NOMINAL,2014-Q4,96.7635688340205
USA,NOMINAL,2015-Q1,98.0903771359161
USA,NOMINAL,2015-Q2,99.3330919538887
USA,NOMINAL,2015-Q3,100.561791191208
USA,NOMINAL,2015-Q4,102.014739718988
USA,NOMINAL,2016-Q1,103.28081383805
USA,NOMINAL,2016-Q2,104.766465387356
USA,NOMINAL,2016-Q3,106.34555414102
USA,NOMINAL,2016-Q4,108.013408238825
USA,NOMINAL,2017-Q1,109.400950723554
USA,NOMINAL,2017-Q2,111.302397832257
USA,NOMINAL,2017-Q3,113.026314252678
USA,NOMINAL,2017-Q4,114.726871372009
USA,NOMINAL,2018-Q1,116.843224050736
USA,NOMINAL,2018-Q2,118.249453976337
USA,NOMINAL,2018-Q3,119.80985528913
USA,NOMINAL,2018-Q4,121.183382193205
USA,NOMINAL,2019-Q1,122.561580957498
USA,NOMINAL,2019-Q2,124.03321692615
USA,NOMINAL,2019-Q3,125.701071023955
USA,NOMINAL,2019-Q4,127.859470444644
USA,NOMINAL,2020-Q1,130.237447295577
USA,NOMINAL,2020-Q2,131.055022833717
USA,NOMINAL,2020-Q3,136.044569546479
USA,NOMINAL,2020-Q4,142.248799915907
USA,NOMINAL,2021-Q1,147.172940585618
USA,NOMINAL,2021-Q2,153.937794181198
USA,NOMINAL,2021-Q3,161.216552400752
USA,NOMINAL,2021-Q4,167.677735082166
USA,NOMINAL,2022-Q1,174.867727957579
USA,NOMINAL,2022-Q2,180.97384926243
USA,NOMINAL,2022-Q3,181.165395531366
USA,NOMINAL,2022-Q4,181.772737359698
BRA,NOMINAL,2010-Q2,95.5618053289643
BRA,NOMINAL,2010-Q3,95.7782093828111
BRA,NOMINAL,2010-Q4,95.994701526447
BRA,NOMINAL,2011-Q1,96.2110339292228
BRA,NOMINAL,2011-Q2,96.4273154764253
BRA,NOMINAL,2011-Q3,96.6437290022242
BRA,NOMINAL,2011-Q4,96.8602214866061
BRA,NOMINAL,2012-Q1,97.077330421888
BRA,NOMINAL,2012-Q2,97.2951961628747
BRA,NOMINAL,2012-Q3,97.5116112952653
BRA,NOMINAL,2012-Q4,97.7281200034557
BRA,NOMINAL,2013-Q1,97.9444241851649
BRA,NOMINAL,2013-Q2,98.1607002011622
BRA,NOMINAL,2013-Q3,98.3771259442628
BRA,NOMINAL,2013-Q4,98.5936421560421
BRA,NOMINAL,2014-Q1,98.8099378560039
BRA,NOMINAL,2014-Q2,99.0262111120539
BRA,NOMINAL,2014-Q3,99.2426391763822
BRA,NOMINAL,2014-Q4,99.4591580988763
BRA,NOMINAL,2015-Q1,99.675451996524
BRA,NOMINAL,2015-Q2,99.891725889496
BRA,NOMINAL,2015-Q3,100.108158185399
BRA,NOMINAL,2015-Q4,100.324663928581
BRA,NOMINAL,2016-Q1,100.541755126921
BRA,NOMINAL,2016-Q2,100.759612719463
BRA,NOMINAL,2016-Q3,100.976036645128
BRA,NOMINAL,2016-Q4,101.192553497493
BRA,NOMINAL,2017-Q1,101.408849304546
BRA,NOMINAL,2017-Q2,101.625121396754
BRA,NOMINAL,2017-Q3,101.841551287196
BRA,NOMINAL,2017-Q4,102.058070603658
BRA,NOMINAL,2018-Q1,102.274363662192
BRA,NOMINAL,2018-Q2,102.490634752251
BRA,NOMINAL,2018-Q3,102.707064439036
BRA,NOMINAL,2018-Q4,102.923583495358
BRA,NOMINAL,2019-Q1,103.139878950604
BRA,NOMINAL,2019-Q2,103.356151937848
BRA,NOMINAL,2019-Q3,103.572583299173
BRA,NOMINAL,2019-Q4,103.789085917896
BRA,NOMINAL,2020-Q1,104.006185053128
BRA,NOMINAL,2020-Q2,104.224042529023
BRA,NOMINAL,2020-Q3,104.440464762637
BRA,NOMINAL,2020-Q4,104.656965749738
BRA,NOMINAL,2021-Q1,104.873280364211
BRA,NOMINAL,2021-Q2,105.089559318065
BRA,NOMINAL,2021-Q3,105.305981000087
BRA,NOMINAL,2021-Q4,105.522472015313
BRA,NOMINAL,2022-Q1,105.738794627876
BRA,NOMINAL,2022-Q2,105.955077545414
BRA,NOMINAL,2022-Q3,106.171496677897
BRA,NOMINAL,2022-Q4,106.387977603172
BRA,NOMINAL,2023-Q1,106.604304726698
CHL,NOMINAL,2010-Q2,57.2013670547474
CHL,NOMINAL,2010-Q3,57.632446606417
CHL,NOMINAL,2010-Q4,58.1329939608859
CHL,NOMINAL,2011-Q1,60.9878535007659
CHL,NOMINAL,2011-Q2,63.5862808948477
CHL,NOMINAL,2011-Q3,65.202237168899
CHL,NOMINAL,2011-Q4,66.8452699895911
CHL,NOMINAL,2012-Q1,68.5675767344756
CHL,NOMINAL,2012-Q2,69.7029944468982
CHL,NOMINAL,2012-Q3,71.4848076796569
CHL,NOMINAL,2012-Q4,73.8533301607414
CHL,NOMINAL,2013-Q1,76.0353010023717
CHL,NOMINAL,2013-Q2,77.5099247839805
CHL,NOMINAL,2013-Q3,78.0829632333832
CHL,NOMINAL,2013-Q4,80.5185913472151
CHL,NOMINAL,2014-Q1,83.3300391527184
CHL,NOMINAL,2014-Q2,86.1277555280713
CHL,NOMINAL,2014-Q3,91.756840344669
CHL,NOMINAL,2014-Q4,92.5672494292521
CHL,NOMINAL,2015-Q1,94.394865750877
CHL,NOMINAL,2015-Q2,97.9799976609377
CHL,NOMINAL,2015-Q3,102.672282425065
CHL,NOMINAL,2015-Q4,104.95285416312
CHL,NOMINAL,2016-Q1,105.810691799201
CHL,NOMINAL,2016-Q2,105.449053239203
CHL,NOMINAL,2016-Q3,106.270377565976
CHL,NOMINAL,2016-Q4,108.761943125783
CHL,NOMINAL,2017-Q1,111.98941900025
CHL,NOMINAL,2017-Q2,114.051917205583
CHL,NOMINAL,2017-Q3,115.608035440332
CHL,NOMINAL,2017-Q4,119.448781099216
CHL,NOMINAL,2018-Q1,121.212693192445
CHL,NOMINAL,2018-Q2,125.055278305236
CHL,NOMINAL,2018-Q3,129.432440228188
CHL,NOMINAL,2018-Q4,131.545856389801
CHL,NOMINAL,2019-Q1,133.173649251486
CHL,NOMINAL,2019-Q2,134.58132023866
CHL,NOMINAL,2019-Q3,139.966565438564
CHL,NOMINAL,2019-Q4,142.277840069726
CHL,NOMINAL,2020-Q1,145.186422833722
CHL,NOMINAL,2020-Q2,147.100301669628
CHL,NOMINAL,2020-Q3,145.456910902655
CHL,NOMINAL,2020-Q4,148.890831180161
CHL,NOMINAL,2021-Q1,157.094979870152
CHL,NOMINAL,2021-Q2,161.571764375401
CHL,NOMINAL,2021-Q3,166.958367282905
CHL,NOMINAL,2021-Q4,172.309533321475
CHL,NOMINAL,2022-Q1,170.18309586069
CHL,NOMINAL,2022-Q2,174.613893114993
CHN,NOMINAL,2010-Q2,86.3480224653061
CHN,NOMINAL,2010-Q3,83.9035025830223
CHN,NOMINAL,2010-Q4,86.348046688938
CHN,NOMINAL,2011-Q1,89.0360339602861
CHN,NOMINAL,2011-Q2,90.9411801291955
CHN,NOMINAL,2011-Q3,91.7860617152355
CHN,NOMINAL,2011-Q4,91.3067916573371
CHN,NOMINAL,2012-Q1,90.2509996953192
CHN,NOMINAL,2012-Q2,89.2723868949401
CHN,NOMINAL,2012-Q3,89.8131708352346
CHN,NOMINAL,2012-Q4,90.6889953081814
CHN,NOMINAL,2013-Q1,92.5565171113565
CHN,NOMINAL,2013-Q2,95.131201736342
CHN,NOMINAL,2013-Q3,97.6122724059856
CHN,NOMINAL,2013-Q4,100.664702347227
CHN,NOMINAL,2014-Q1,102.460900814274
CHN,NOMINAL,2014-Q2,102.569586414023
CHN,NOMINAL,2014-Q3,100.517693083053
CHN,NOMINAL,2014-Q4,98.9796394483917
CHN,NOMINAL,2015-Q1,98.6668647971793
CHN,NOMINAL,2015-Q2,98.8758421690819
CHN,NOMINAL,2015-Q3,100.526288017263
CHN,NOMINAL,2015-Q4,101.931005016475
CHN,NOMINAL,2016-Q1,104.319224287089
CHN,NOMINAL,2016-Q2,108.993331469451
CHN,NOMINAL,2016-Q3,114.836435571052
CHN,NOMINAL,2016-Q4,120.76891272501
CHN,NOMINAL,2017-Q1,123.566737019214
CHN,NOMINAL,2017-Q2,126.316592552206
CHN,NOMINAL,2017-Q3,128.196632134978
CHN,NOMINAL,2017-Q4,129.877221883763
CHN,NOMINAL,2018-Q1,131.844770006869
CHN,NOMINAL,2018-Q2,133.561905511377
CHN,NOMINAL,2018-Q3,135.019030876898
CHN,NOMINAL,2018-Q4,136.646012649435
CHN,NOMINAL,2019-Q1,137.942436547835
CHN,NOMINAL,2019-Q2,138.94038698468
CHN,NOMINAL,2019-Q3,140.021981464995
CHN,NOMINAL,2019-Q4,141.107690912493
CHN,NOMINAL,2020-Q1,142.214572078938
CHN,NOMINAL,2020-Q2,143.451330001645
CHN,NOMINAL,2020-Q3,145.555183099958
CHN,NOMINAL,2020-Q4,147.087136878948
CHN,NOMINAL,2021-Q1,148.66801097679
CHN,NOMINAL,2021-Q2,149.828515951202
CHN,NOMINAL,2021-Q3,150.76173354546
CHN,NOMINAL,2021-Q4,151.146843840909
CHN,NOMINAL,2022-Q1,151.458227103575
CHN,NOMINAL,2022-Q2,151.619584297125
CHN,NOMINAL,2022-Q3,151.257602545393
CHN,NOMINAL,2022-Q4,151.205166595862
CHN,NOMINAL,2023-Q1,151.368406288713
COL,NOMINAL,2010-Q2,64.3547355658767
COL,NOMINAL,2010-Q3,64.79968835414
COL,NOMINAL,2010-Q4,67.8971912775303
COL,NOMINAL,2011-Q1,66.9785428523069
COL,NOMINAL,2011-Q2,69.4884849261374
COL,NOMINAL,2011-Q3,71.7674875238319
COL,NOMINAL,2011-Q4,73.0344846977238
COL,NOMINAL,2012-Q1,74.4944422742275
COL,NOMINAL,2012-Q2,76.729808432392
COL,NOMINAL,2012-Q3,78.0488159239253
COL,NOMINAL,2012-Q4,81.1449333694552
COL,NOMINAL,2013-Q1,82.5955804480764
COL,NOMINAL,2013-Q2,84.1555592443124
COL,NOMINAL,2013-Q3,86.0622823641397
COL,NOMINAL,2013-Q4,87.4695779434715
COL,NOMINAL,2014-Q1,90.0318687987011
COL,NOMINAL,2014-Q2,90.4221592544242
COL,NOMINAL,2014-Q3,92.7824072190954
COL,NOMINAL,2014-Q4,94.0885647277793
COL,NOMINAL,2015-Q1,96.4006897441456
COL,NOMINAL,2015-Q2,99.4971732751704
COL,NOMINAL,2015-Q3,101.248228692408
COL,NOMINAL,2015-Q4,102.853908288276
COL,NOMINAL,2016-Q1,107.513159031058
COL,NOMINAL,2016-Q2,109.376149880352
COL,NOMINAL,2016-Q3,111.546070285019
COL,NOMINAL,2016-Q4,113.07462080357
COL,NOMINAL,2017-Q1,113.623917538394
COL,NOMINAL,2017-Q2,116.90178262426
COL,NOMINAL,2017-Q3,119.34611046794
COL,NOMINAL,2017-Q4,121.465189369406
COL,NOMINAL,2018-Q1,121.467418468653
COL,NOMINAL,2018-Q2,125.062401235078
COL,NOMINAL,2018-Q3,124.679094330929
COL,NOMINAL,2018-Q4,125.923085965341
COL,NOMINAL,2019-Q1,128.541503818011
COL,NOMINAL,2019-Q2,129.697738285704
COL,NOMINAL,2019-Q3,132.922740539301
COL,NOMINAL,2019-Q4,134.146017356984
COL,NOMINAL,2020-Q1,135.827677086878
COL,NOMINAL,2020-Q2,131.122824737653
COL,NOMINAL,2020-Q3,134.751745562803
COL,NOMINAL,2020-Q4,136.696752612666
COL,NOMINAL,2021-Q1,138.456900209883
COL,NOMINAL,2021-Q2,142.331028898626
COL,NOMINAL,2021-Q3,144.258583225599
COL,NOMINAL,2021-Q4,147.803487681037
COL,NOMINAL,2022-Q1,151.356848434869
COL,NOMINAL,2022-Q2,151.690865172291
EST,NOMINAL,2010-Q2,63.173761760459
EST,NOMINAL,2010-Q3,64.9791822985144
EST,NOMINAL,2010-Q4,64.3197545720961
EST,NOMINAL,2011-Q1,67.1675277411223
EST,NOMINAL,2011-Q2,68.7794989034249
EST,NOMINAL,2011-Q3,69.3767528566412
EST,NOMINAL,2011-Q4,71.9685272680447
EST,NOMINAL,2012-Q1,71.9999750705802
EST,NOMINAL,2012-Q2,74.0763400777178
EST,NOMINAL,2012-Q3,75.3611244769843
EST,NOMINAL,2012-Q4,76.0468166640768
EST,NOMINAL,2013-Q1,77.5656891550042
EST,NOMINAL,2013-Q2,80.2031036677406
EST,NOMINAL,2013-Q3,83.7840302136656
EST,NOMINAL,2013-Q4,87.6203540306469
EST,NOMINAL,2014-Q1,91.2552940198464
EST,NOMINAL,2014-Q2,91.9614185821653
EST,NOMINAL,2014-Q3,94.9800164690641
EST,NOMINAL,2014-Q4,96.1213351337638
EST,NOMINAL,2015-Q1,98.5943512151383
EST,NOMINAL,2015-Q2,101.710136796173
EST,NOMINAL,2015-Q3,98.9229721630483
EST,NOMINAL,2015-Q4,100.77253982564
EST,NOMINAL,2016-Q1,100.54425068406
EST,NOMINAL,2016-Q2,103.657414930242
EST,NOMINAL,2016-Q3,106.527122947284
EST,NOMINAL,2016-Q4,108.249163993533
EST,NOMINAL,2017-Q1,108.161401625591
EST,NOMINAL,2017-Q2,108.611030072693
EST,NOMINAL,2017-Q3,111.932555678519
EST,NOMINAL,2017-Q4,113.33990751096
EST,NOMINAL,2018-Q1,114.896428462934
EST,NOMINAL,2018-Q2,116.648105942987
EST,NOMINAL,2018-Q3,116.976287172185
EST,NOMINAL,2018-Q4,119.743007762321
EST,NOMINAL,2019-Q1,121.240758022758
EST,NOMINAL,2019-Q2,123.303048106187
EST,NOMINAL,2019-Q3,126.922395685426
EST,NOMINAL,2019-Q4,129.602545513762
EST,NOMINAL,2020-Q1,134.736790432894
EST,NOMINAL,2020-Q2,128.223320986687
EST,NOMINAL,2020-Q3,132.332949286342
EST,NOMINAL,2020-Q4,135.873611377399
EST,NOMINAL,2021-Q1,143.321351133557
EST,NOMINAL,2021-Q2,148.660344595243
EST,NOMINAL,2021-Q3,155.514373970908
EST,NOMINAL,2021-Q4,163.614402533671
EST,NOMINAL,2022-Q1,173.204839778281
EST,NOMINAL,2022-Q2,189.321463667687
EST,NOMINAL,2022-Q3,193.346384162378
IND,NOMINAL,2010-Q2,42.9441748732509
IND,NOMINAL,2010-Q3,46.1487600759934
IND,NOMINAL,2010-Q4,46.1417487287617
IND,NOMINAL,2011-Q1,49.225952753001
IND,NOMINAL,2011-Q2,52.9403567852846
IND,NOMINAL,2011-Q3,55.2530453452235
IND,NOMINAL,2011-Q4,58.1916451164913
IND,NOMINAL,2012-Q1,61.8458289288874
IND,NOMINAL,2012-Q2,65.2068124343415
IND,NOMINAL,2012-Q3,68.1036643247197
IND,NOMINAL,2012-Q4,72.7096943120518
IND,NOMINAL,2013-Q1,74.1019570528323
IND,NOMINAL,2013-Q2,74.3784913089184
IND,NOMINAL,2013-Q3,78.3853146613256
IND,NOMINAL,2013-Q4,79.8792369769241
IND,NOMINAL,2014-Q1,83.2012122259082
IND,NOMINAL,2014-Q2,86.342163982007
IND,NOMINAL,2014-Q3,89.3474286183469
IND,NOMINAL,2014-Q4,93.2371951737383
IND,NOMINAL,2015-Q1,97.9180950853647
IND,NOMINAL,2015-Q2,98.9692118896919
IND,NOMINAL,2015-Q3,100.930865295385
IND,NOMINAL,2015-Q4,102.181827729558
IND,NOMINAL,2016-Q1,101.38065521665
IND,NOMINAL,2016-Q2,106.219445464986
IND,NOMINAL,2016-Q3,108.563712056807
IND,NOMINAL,2016-Q4,110.579187261558
IND,NOMINAL,2017-Q1,112.215482731294
IND,NOMINAL,2017-Q2,115.380546281592
IND,NOMINAL,2017-Q3,116.681051894849
IND,NOMINAL,2017-Q4,118.354919092264
IND,NOMINAL,2018-Q1,119.878136442453
IND,NOMINAL,2018-Q2,121.467374747765
IND,NOMINAL,2018-Q3,123.363496013211
IND,NOMINAL,2018-Q4,124.283992796572
IND,NOMINAL,2019-Q1,124.223100816446
IND,NOMINAL,2019-Q2,125.628467566492
IND,NOMINAL,2019-Q3,127.520180471645
IND,NOMINAL,2019-Q4,127.866251145416
IND,NOMINAL,2020-Q1,128.97760868321
IND,NOMINAL,2020-Q2,129.211513002635
IND,NOMINAL,2020-Q3,129.073887694239
IND,NOMINAL,2020-Q4,130.595990619917
IND,NOMINAL,2021-Q1,132.29809341151
IND,NOMINAL,2021-Q2,131.783504092389
IND,NOMINAL,2021-Q3,132.269156698819
IND,NOMINAL,2021-Q4,134.643245785697
IND,NOMINAL,2022-Q1,134.604354248828
IND,NOMINAL,2022-Q2,136.33446507866
IND,NOMINAL,2022-Q3,138.370370451159
IDN,NOMINAL,2010-Q2,71.942800727184
IDN,NOMINAL,2010-Q3,72.6846425286976
IDN,NOMINAL,2010-Q4,73.1260050692144
IDN,NOMINAL,2011-Q1,74.6226569108112
IDN,NOMINAL,2011-Q2,75.1409265739614
IDN,NOMINAL,2011-Q3,75.8851280201202
IDN,NOMINAL,2011-Q4,76.8645322119979
IDN,NOMINAL,2012-Q1,77.1421061851984
IDN,NOMINAL,2012-Q2,78.0310039475874
IDN,NOMINAL,2012-Q3,79.0483190989359
IDN,NOMINAL,2012-Q4,81.8187806677535
IDN,NOMINAL,2013-Q1,85.617587427231
IDN,NOMINAL,2013-Q2,87.4880452050246
IDN,NOMINAL,2013-Q3,89.7089015218074
IDN,NOMINAL,2013-Q4,91.25658066815
IDN,NOMINAL,2014-Q1,92.3937118124546
IDN,NOMINAL,2014-Q2,93.9659919217444
IDN,NOMINAL,2014-Q3,95.5554839301057
IDN,NOMINAL,2014-Q4,97.0048650355636
IDN,NOMINAL,2015-Q1,98.1986354827548
IDN,NOMINAL,2015-Q2,99.5564636533903
IDN,NOMINAL,2015-Q3,100.75417123878
IDN,NOMINAL,2015-Q4,101.490729625075
IDN,NOMINAL,2016-Q1,102.295119805469
IDN,NOMINAL,2016-Q2,102.945965763789
IDN,NOMINAL,2016-Q3,103.486191336197
IDN,NOMINAL,2016-Q4,103.910691499624
IDN,NOMINAL,2017-Q1,105.003697995505
IDN,NOMINAL,2017-Q2,106.218423019516
IDN,NOMINAL,2017-Q3,106.874034844631
IDN,NOMINAL,2017-Q4,107.564779988007
IDN,NOMINAL,2018-Q1,108.891194655299
IDN,NOMINAL,2018-Q2,109.699742980824
IDN,NOMINAL,2018-Q3,110.242822126813
IDN,NOMINAL,2018-Q4,110.746141287312
IDN,NOMINAL,2019-Q1,111.141829654075
IDN,NOMINAL,2019-Q2,111.581472917235
IDN,NOMINAL,2019-Q3,112.210905874625
IDN,NOMINAL,2019-Q4,112.707672449362
IDN,NOMINAL,2020-Q1,113.014100582321
IDN,NOMINAL,2020-Q2,113.363662600065
IDN,NOMINAL,2020-Q3,113.894664522893
IDN,NOMINAL,2020-Q4,114.310435837563
IDN,NOMINAL,2021-Q1,114.54569795772
IDN,NOMINAL,2021-Q2,115.06402954497
IDN,NOMINAL,2021-Q3,115.491868642279
IDN,NOMINAL,2021-Q4,115.979251152077
IDN,NOMINAL,2022-Q1,116.580111375235
IDN,NOMINAL,2022-Q2,117.048949407517
ISR,NOMINAL,2010-Q2,70.2223760904018
ISR,NOMINAL,2010-Q3,72.2598630703058
ISR,NOMINAL,2010-Q4,74.982802416069
ISR,NOMINAL,2011-Q1,77.5460300103533
ISR,NOMINAL,2011-Q2,79.3233024575645
ISR,NOMINAL,2011-Q3,79.6165255781892
ISR,NOMINAL,2011-Q4,79.0321419538926
ISR,NOMINAL,2012-Q1,79.1516006925689
ISR,NOMINAL,2012-Q2,80.1659425811446
ISR,NOMINAL,2012-Q3,81.7941107394789
ISR,NOMINAL,2012-Q4,84.6173459868072
ISR,NOMINAL,2013-Q1,86.7481119775593
ISR,NOMINAL,2013-Q2,87.7069437683077
ISR,NOMINAL,2013-Q3,89.624710034911
ISR,NOMINAL,2013-Q4,91.2112342192216
ISR,NOMINAL,2014-Q1,93.3721159925524
ISR,NOMINAL,2014-Q2,94.5413464885339
ISR,NOMINAL,2014-Q3,94.2920956106695
ISR,NOMINAL,2014-Q4,95.6614419082437
ISR,NOMINAL,2015-Q1,97.254804776311
ISR,NOMINAL,2015-Q2,99.1611523350821
ISR,NOMINAL,2015-Q3,100.670709291044
ISR,NOMINAL,2015-Q4,102.913333597563
ISR,NOMINAL,2016-Q1,104.676302912071
ISR,NOMINAL,2016-Q2,106.441248959426
ISR,NOMINAL,2016-Q3,108.839210685937
ISR,NOMINAL,2016-Q4,109.877237442567
ISR,NOMINAL,2017-Q1,110.172923808667
ISR,NOMINAL,2017-Q2,111.463323983343
ISR,NOMINAL,2017-Q3,112.86389853601
ISR,NOMINAL,2017-Q4,112.09685367198
ISR,NOMINAL,2018-Q1,110.551168100694
ISR,NOMINAL,2018-Q2,111.089489073958
ISR,NOMINAL,2018-Q3,110.837213865871
ISR,NOMINAL,2018-Q4,110.418128959476
ISR,NOMINAL,2019-Q1,111.390856510368
ISR,NOMINAL,2019-Q2,112.422223632127
ISR,NOMINAL,2019-Q3,113.067496261794
ISR,NOMINAL,2019-Q4,114.368423595712
ISR,NOMINAL,2020-Q1,115.190802826562
ISR,NOMINAL,2020-Q2,114.945253257898
ISR,NOMINAL,2020-Q3,116.316848421195
ISR,NOMINAL,2020-Q4,118.593095494344
ISR,NOMINAL,2021-Q1,120.442479641028
ISR,NOMINAL,2021-Q2,123.780677840515
ISR,NOMINAL,2021-Q3,127.549160494745
ISR,NOMINAL,2021-Q4,132.532682023713
ISR,NOMINAL,2022-Q1,138.711520264548
ISR,NOMINAL,2022-Q2,145.443489714928
ISR,NOMINAL,2022-Q3,152.56813887133
ISR,NOMINAL,2022-Q4,154.568851153278
LVA,NOMINAL,2010-Q2,79.2093488512758
LVA,NOMINAL,2010-Q3,79.5677817450026
LVA,NOMINAL,2010-Q4,83.581475537414
LVA,NOMINAL,2011-Q1,87.7021405084807
LVA,NOMINAL,2011-Q2,88.7173233551425
LVA,NOMINAL,2011-Q3,90.1704990722759
LVA,NOMINAL,2011-Q4,88.3100370641013
LVA,NOMINAL,2012-Q1,90.0026998212353
LVA,NOMINAL,2012-Q2,90.1588783248682
LVA,NOMINAL,2012-Q3,91.5258645844907
LVA,NOMINAL,2012-Q4,93.7625572694062
LVA,NOMINAL,2013-Q1,94.3955727492667
LVA,NOMINAL,2013-Q2,96.8523476934768
LVA,NOMINAL,2013-Q3,97.7220821437589
LVA,NOMINAL,2013-Q4,101.519997413498
LVA,NOMINAL,2014-Q1,104.57989449128
LVA,NOMINAL,2014-Q2,103.861160964482
LVA,NOMINAL,2014-Q3,108.415220511523
LVA,NOMINAL,2014-Q4,97.043724032715
LVA,NOMINAL,2015-Q1,97.8141227748253
LVA,NOMINAL,2015-Q2,98.7255830645054
LVA,NOMINAL,2015-Q3,100.040989243575
LVA,NOMINAL,2015-Q4,103.419304917094
LVA,NOMINAL,2016-Q1,104.751866801006
LVA,NOMINAL,2016-Q2,107.898756292998
LVA,NOMINAL,2016-Q3,109.798967286866
LVA,NOMINAL,2016-Q4,111.50040961913
LVA,NOMINAL,2017-Q1,114.353989285866
LVA,NOMINAL,2017-Q2,117.868686210619
LVA,NOMINAL,2017-Q3,119.540482559741
LVA,NOMINAL,2017-Q4,120.286841943774
LVA,NOMINAL,2018-Q1,127.307588388491
LVA,NOMINAL,2018-Q2,128.262358746039
LVA,NOMINAL,2018-Q3,128.107420370693
LVA,NOMINAL,2018-Q4,133.522632494778
LVA,NOMINAL,2019-Q1,135.339289390968
LVA,NOMINAL,2019-Q2,138.731032176072
LVA,NOMINAL,2019-Q3,144.234523478875
LVA,NOMINAL,2019-Q4,145.195154954085
LVA,NOMINAL,2020-Q1,147.260191167269
LVA,NOMINAL,2020-Q2,141.004305397373
LVA,NOMINAL,2020-Q3,146.494080049712
LVA,NOMINAL,2020-Q4,148.311423385645
LVA,NOMINAL,2021-Q1,151.663955759553
LVA,NOMINAL,2021-Q2,158.219623826564
LVA,NOMINAL,2021-Q3,164.488915086948
LVA,NOMINAL,2021-Q4,172.207505326935
LVA,NOMINAL,2022-Q1,178.177813962248
LVA,NOMINAL,2022-Q2,184.073874288356
LVA,NOMINAL,2022-Q3,186.671548453886
LVA,NOMINAL,2022-Q4,187.926763289983
LTU,NOMINAL,2010-Q2,84.3698692289372
LTU,NOMINAL,2010-Q3,83.4337926664572
LTU,NOMINAL,2010-Q4,85.7206966944898
LTU,NOMINAL,2011-Q1,89.6629667188326
LTU,NOMINAL,2011-Q2,89.5105055811532
LTU,NOMINAL,2011-Q3,89.3232429031017
LTU,NOMINAL,2011-Q4,90.5632847969125
LTU,NOMINAL,2012-Q1,90.3900244556473
LTU,NOMINAL,2012-Q2,88.6029492183907
LTU,NOMINAL,2012-Q3,89.6312698744801
LTU,NOMINAL,2012-Q4,89.6057564514818
LTU,NOMINAL,2013-Q1,90.2975026493295
LTU,NOMINAL,2013-Q2,90.7133721515903
LTU,NOMINAL,2013-Q3,89.1563142463303
LTU,NOMINAL,2013-Q4,92.4128109527499
LTU,NOMINAL,2014-Q1,93.9142645796876
LTU,NOMINAL,2014-Q2,96.5820942012686
LTU,NOMINAL,2014-Q3,98.0206813212538
LTU,NOMINAL,2014-Q4,97.36295989779
LTU,NOMINAL,2015-Q1,98.2138620236526
LTU,NOMINAL,2015-Q2,99.8846099232525
LTU,NOMINAL,2015-Q3,101.263567336566
LTU,NOMINAL,2015-Q4,100.637960716529
LTU,NOMINAL,2016-Q1,101.47106222856
LTU,NOMINAL,2016-Q2,103.241149141298
LTU,NOMINAL,2016-Q3,106.676311393768
LTU,NOMINAL,2016-Q4,110.211477236374
LTU,NOMINAL,2017-Q1,111.610331233837
LTU,NOMINAL,2017-Q2,113.817183338041
LTU,NOMINAL,2017-Q3,115.989491592914
LTU,NOMINAL,2017-Q4,117.772993835208
LTU,NOMINAL,2018-Q1,120.054751372948
LTU,NOMINAL,2018-Q2,122.287302558562
LTU,NOMINAL,2018-Q3,123.968840682463
LTU,NOMINAL,2018-Q4,126.409105386027
LTU,NOMINAL,2019-Q1,129.238694213407
LTU,NOMINAL,2019-Q2,130.353028556133
LTU,NOMINAL,2019-Q3,132.253915096335
LTU,NOMINAL,2019-Q4,134.594362134125
LTU,NOMINAL,2020-Q1,137.106556973914
LTU,NOMINAL,2020-Q2,139.466704314485
LTU,NOMINAL,2020-Q3,140.920692669921
LTU,NOMINAL,2020-Q4,147.216046041681
LTU,NOMINAL,2021-Q1,153.423787336144
LTU,NOMINAL,2021-Q2,157.953820726991
LTU,NOMINAL,2021-Q3,167.619994432332
LTU,NOMINAL,2021-Q4,176.362397504532
LTU,NOMINAL,2022-Q1,182.784580753769
LTU,NOMINAL,2022-Q2,192.819791325636
LTU,NOMINAL,2022-Q3,199.980393679822
LTU,NOMINAL,2022-Q4,204.605234269977
RUS,NOMINAL,2010-Q2,92.6234378098542
RUS,NOMINAL,2010-Q3,92.0818799436831
RUS,NOMINAL,2010-Q4,92.3128269232312
RUS,NOMINAL,2011-Q1,80.0819843480439
RUS,NOMINAL,2011-Q2,81.3441525618498
RUS,NOMINAL,2011-Q3,82.1865776372578
RUS,NOMINAL,2011-Q4,83.8782854528485
RUS,NOMINAL,2012-Q1,86.5150274576501
RUS,NOMINAL,2012-Q2,89.2704757117255
RUS,NOMINAL,2012-Q3,91.0498667335721
RUS,NOMINAL,2012-Q4,92.6406300970526
RUS,NOMINAL,2013-Q1,94.7021765895166
RUS,NOMINAL,2013-Q2,94.805773234925
RUS,NOMINAL,2013-Q3,95.9358728792557
RUS,NOMINAL,2013-Q4,96.8521772963031
RUS,NOMINAL,2014-Q1,95.5451032695457
RUS,NOMINAL,2014-Q2,97.6830133226719
RUS,NOMINAL,2014-Q3,98.3264706528858
RUS,NOMINAL,2014-Q4,100.083412754897
RUS,NOMINAL,2015-Q1,100.367661779513
RUS,NOMINAL,2015-Q2,100.013871596595
RUS,NOMINAL,2015-Q3,99.6543152066348
RUS,NOMINAL,2015-Q4,99.9641514172572
RUS,NOMINAL,2016-Q1,102.243920025026
RUS,NOMINAL,2016-Q2,102.557099702961
RUS,NOMINAL,2016-Q3,103.054012863988
RUS,NOMINAL,2016-Q4,103.566967408024
RUS,NOMINAL,2017-Q1,107.311508365457
RUS,NOMINAL,2017-Q2,108.176916665961
RUS,NOMINAL,2017-Q3,108.971576923047
RUS,NOMINAL,2017-Q4,110.667998045534
RUS,NOMINAL,2018-Q1,112.16965725589
RUS,NOMINAL,2018-Q2,114.692442912047
RUS,NOMINAL,2018-Q3,117.359482187401
RUS,NOMINAL,2018-Q4,120.368417644663
RUS,NOMINAL,2019-Q1,115.781626668017
RUS,NOMINAL,2019-Q2,117.74394537069
RUS,NOMINAL,2019-Q3,121.027336134871
RUS,NOMINAL,2019-Q4,124.735091826423
RUS,NOMINAL,2020-Q1,136.541758435958
RUS,NOMINAL,2020-Q2,140.093621065282
RUS,NOMINAL,2020-Q3,146.387820992357
RUS,NOMINAL,2020-Q4,154.014799506403
RUS,NOMINAL,2021-Q1,158.752945652025
RUS,NOMINAL,2021-Q2,169.602184319121
RUS,NOMINAL,2021-Q3,179.619465914759
RUS,NOMINAL,2021-Q4,193.097404114095
RUS,NOMINAL,2022-Q1,208.369854450736
RUS,NOMINAL,2022-Q2,221.533061507052
RUS,NOMINAL,2022-Q3,233.051208423498
RUS,NOMINAL,2022-Q4,239.067875732572
SVN,NOMINAL,2010-Q2,117.336582745472
SVN,NOMINAL,2010-Q3,116.900500014877
SVN,NOMINAL,2010-Q4,116.867089946542
SVN,NOMINAL,2011-Q1,122.425162978891
SVN,NOMINAL,2011-Q2,120.756300684508
SVN,NOMINAL,2011-Q3,119.561906608242
SVN,NOMINAL,2011-Q4,118.796629728359
SVN,NOMINAL,2012-Q1,113.607833114796
SVN,NOMINAL,2012-Q2,113.607923481653
SVN,NOMINAL,2012-Q3,112.698617276681
SVN,NOMINAL,2012-Q4,108.445626126871
SVN,NOMINAL,2013-Q1,108.649234176144
SVN,NOMINAL,2013-Q2,108.315847728603
SVN,NOMINAL,2013-Q3,104.075892044052
SVN,NOMINAL,2013-Q4,103.799026051201
SVN,NOMINAL,2014-Q1,101.386373366682
SVN,NOMINAL,2014-Q2,97.6578226552318
SVN,NOMINAL,2014-Q3,98.5988839683921
SVN,NOMINAL,2014-Q4,99.1669200096944
SVN,NOMINAL,2015-Q1,99.9663679308931
SVN,NOMINAL,2015-Q2,101.331429543013
SVN,NOMINAL,2015-Q3,99.5489831407925
SVN,NOMINAL,2015-Q4,99.1532193853013
SVN,NOMINAL,2016-Q1,100.807973447457
SVN,NOMINAL,2016-Q2,101.953130237093
SVN,NOMINAL,2016-Q3,104.42588105339
SVN,NOMINAL,2016-Q4,105.823015262061
SVN,NOMINAL,2017-Q1,107.624674963287
SVN,NOMINAL,2017-Q2,110.574506389285
SVN,NOMINAL,2017-Q3,112.747250817881
SVN,NOMINAL,2017-Q4,116.193567829547
SVN,NOMINAL,2018-Q1,118.098917806645
SVN,NOMINAL,2018-Q2,119.169307193896
SVN,NOMINAL,2018-Q3,123.196586157905
SVN,NOMINAL,2018-Q4,125.725188841553
SVN,NOMINAL,2019-Q1,127.078749861154
SVN,NOMINAL,2019-Q2,128.120284649956
SVN,NOMINAL,2019-Q3,131.740139468889
SVN,NOMINAL,2019-Q4,131.820826020001
SVN,NOMINAL,2020-Q1,133.109451109895
SVN,NOMINAL,2020-Q2,134.813010163005
SVN,NOMINAL,2020-Q3,135.96795102027
SVN,NOMINAL,2020-Q4,138.73958770683
SVN,NOMINAL,2021-Q1,142.713495770022
SVN,NOMINAL,2021-Q2,148.386789822753
SVN,NOMINAL,2021-Q3,153.40665866674
SVN,NOMINAL,2021-Q4,160.763055740484
SVN,NOMINAL,2022-Q1,166.827576187401
SVN,NOMINAL,2022-Q2,171.55286996442
SVN,NOMINAL,2022-Q3,176.999535322159
SVN,NOMINAL,2022-Q4,179.040018538492
ZAF,NOMINAL,2010-Q2,75.7948105129737
ZAF,NOMINAL,2010-Q3,75.8578103554741
ZAF,NOMINAL,2010-Q4,76.1238096904758
ZAF,NOMINAL,2011-Q1,76.79780800548
ZAF,NOMINAL,2011-Q2,77.755805610486
ZAF,NOMINAL,2011-Q3,78.6018034954913
ZAF,NOMINAL,2011-Q4,79.4238014404964
ZAF,NOMINAL,2012-Q1,80.4277989305027
ZAF,NOMINAL,2012-Q2,81.4877962805093
ZAF,NOMINAL,2012-Q3,82.6977932555169
ZAF,NOMINAL,2012-Q4,83.9797900505249
ZAF,NOMINAL,2013-Q1,85.2967867580331
ZAF,NOMINAL,2013-Q2,86.565783585541
ZAF,NOMINAL,2013-Q3,87.9777800555499
ZAF,NOMINAL,2013-Q4,89.9697750755623
ZAF,NOMINAL,2014-Q1,92.1257696855758
ZAF,NOMINAL,2014-Q2,93.6197659505851
ZAF,NOMINAL,2014-Q3,94.7677630805923
ZAF,NOMINAL,2014-Q4,96.0707598231004
ZAF,NOMINAL,2015-Q1,97.8157554606114
ZAF,NOMINAL,2015-Q2,99.4757513106217
ZAF,NOMINAL,2015-Q3,100.664748338129
ZAF,NOMINAL,2015-Q4,102.043744890638
ZAF,NOMINAL,2016-Q1,103.915740210649
ZAF,NOMINAL,2016-Q2,105.445736385659
ZAF,NOMINAL,2016-Q3,106.123734690663
ZAF,NOMINAL,2016-Q4,106.978732553169
ZAF,NOMINAL,2017-Q1,108.622728443179
ZAF,NOMINAL,2017-Q2,109.937725155687
ZAF,NOMINAL,2017-Q3,110.535723660691
ZAF,NOMINAL,2017-Q4,111.159722100695
ZAF,NOMINAL,2018-Q1,112.422718943203
ZAF,NOMINAL,2018-Q2,113.941715145712
ZAF,NOMINAL,2018-Q3,114.966712583219
ZAF,NOMINAL,2018-Q4,115.650710873223
ZAF,NOMINAL,2019-Q1,116.506708733228
ZAF,NOMINAL,2019-Q2,117.905705235737
ZAF,NOMINAL,2019-Q3,119.206701983245
ZAF,NOMINAL,2019-Q4,119.472701318247
ZAF,NOMINAL,2020-Q1,118.743703140742
ZAF,NOMINAL,2020-Q2,119.628700928248
ZAF,NOMINAL,2020-Q3,122.496693758266
ZAF,NOMINAL,2020-Q4,124.044689888275
ZAF,NOMINAL,2021-Q1,124.267689330777
ZAF,NOMINAL,2021-Q2,125.360686598284
ZAF,NOMINAL,2021-Q3,127.093682265794
ZAF,NOMINAL,2021-Q4,128.354679113302
ZAF,NOMINAL,2022-Q1,129.241676895808
ZAF,NOMINAL,2022-Q2,130.112674718313
ZAF,NOMINAL,2022-Q3,131.27667180832
ZAF,NOMINAL,2022-Q4,132.342669143327
EA,NOMINAL,2010-Q2,101.178659533266
EA,NOMINAL,2010-Q3,101.580817950535
EA,NOMINAL,2010-Q4,101.988294113018
EA,NOMINAL,2011-Q1,102.623862924263
EA,NOMINAL,2011-Q2,102.907864989098
EA,NOMINAL,2011-Q3,102.455324311756
EA,NOMINAL,2011-Q4,101.862947774882
EA,NOMINAL,2012-Q1,101.182041742036
EA,NOMINAL,2012-Q2,100.312732939308
EA,NOMINAL,2012-Q3,99.7558880792123
EA,NOMINAL,2012-Q4,99.8093372394438
EA,NOMINAL,2013-Q1,98.4775155505425
EA,NOMINAL,2013-Q2,98.1983823930903
EA,NOMINAL,2013-Q3,98.136708318663
EA,NOMINAL,2013-Q4,98.0773937377046
EA,NOMINAL,2014-Q1,98.1703308661662
EA,NOMINAL,2014-Q2,98.473553818193
EA,NOMINAL,2014-Q3,98.5581526835751
EA,NOMINAL,2014-Q4,98.6079626320661
EA,NOMINAL,2015-Q1,98.6883934645073
EA,NOMINAL,2015-Q2,99.7654117465633
EA,NOMINAL,2015-Q3,100.431689410721
EA,NOMINAL,2015-Q4,101.114505378208
EA,NOMINAL,2016-Q1,102.35917574623
EA,NOMINAL,2016-Q2,103.44417338386
EA,NOMINAL,2016-Q3,104.621934582859
EA,NOMINAL,2016-Q4,105.69471628705
EA,NOMINAL,2017-Q1,106.74747983905
EA,NOMINAL,2017-Q2,107.782147333716
EA,NOMINAL,2017-Q3,109.083018091842
EA,NOMINAL,2017-Q4,110.537354735391
EA,NOMINAL,2018-Q1,111.840280541239
EA,NOMINAL,2018-Q2,112.948338709786
EA,NOMINAL,2018-Q3,114.330544294453
EA,NOMINAL,2018-Q4,115.590836454523
EA,NOMINAL,2019-Q1,116.464696683851
EA,NOMINAL,2019-Q2,117.988646998123
EA,NOMINAL,2019-Q3,119.231377362592
EA,NOMINAL,2019-Q4,120.775278955434
EA,NOMINAL,2020-Q1,122.527248247206
EA,NOMINAL,2020-Q2,123.879198195461
EA,NOMINAL,2020-Q3,125.159320395365
EA,NOMINAL,2020-Q4,127.494233161968
EA,NOMINAL,2021-Q1,129.750434257511
EA,NOMINAL,2021-Q2,132.575516972603
EA,NOMINAL,2021-Q3,136.4744035807
EA,NOMINAL,2021-Q4,139.699645189186
EA,NOMINAL,2022-Q1,142.406984777425
EA,NOMINAL,2022-Q2,144.738490961907
EA,NOMINAL,2022-Q3,145.495275677233
EA,NOMINAL,2022-Q4,143.719248581717
EA17,NOMINAL,2010-Q2,101.538237747481
EA17,NOMINAL,2010-Q3,101.949189560602
EA17,NOMINAL,2010-Q4,102.190122430573
EA17,NOMINAL,2011-Q1,103.035405225009
EA17,NOMINAL,2011-Q2,103.321855618004
EA17,NOMINAL,2011-Q3,102.836435957204
EA17,NOMINAL,2011-Q4,102.027194303162
EA17,NOMINAL,2012-Q1,101.55258540961
EA17,NOMINAL,2012-Q2,100.63184739263
EA17,NOMINAL,2012-Q3,100.001188257826
EA17,NOMINAL,2012-Q4,99.8924725308885
EA17,NOMINAL,2013-Q1,98.7581028562601
EA17,NOMINAL,2013-Q2,98.4340248755858
EA17,NOMINAL,2013-Q3,98.2766589102289
EA17,NOMINAL,2013-Q4,98.1402005080272
EA17,NOMINAL,2014-Q1,98.3540705553128
EA17,NOMINAL,2014-Q2,98.6502526736726
EA17,NOMINAL,2014-Q3,98.6607278713275
EA17,NOMINAL,2014-Q4,98.6143009200832
EA17,NOMINAL,2015-Q1,98.7643456285593
EA17,NOMINAL,2015-Q2,99.7309538691832
EA17,NOMINAL,2015-Q3,100.432496801029
EA17,NOMINAL,2015-Q4,101.072203701228
EA17,NOMINAL,2016-Q1,102.412215962319
EA17,NOMINAL,2016-Q2,103.426899194928
EA17,NOMINAL,2016-Q3,104.615512539846
EA17,NOMINAL,2016-Q4,105.592311463192
EA17,NOMINAL,2017-Q1,106.662143205928
EA17,NOMINAL,2017-Q2,107.715278082954
EA17,NOMINAL,2017-Q3,109.02589676998
EA17,NOMINAL,2017-Q4,110.41571342629
EA17,NOMINAL,2018-Q1,111.767131210724
EA17,NOMINAL,2018-Q2,112.90313200059
EA17,NOMINAL,2018-Q3,114.254223478817
EA17,NOMINAL,2018-Q4,115.474714415929
EA17,NOMINAL,2019-Q1,116.371923176406
EA17,NOMINAL,2019-Q2,117.912609711249
EA17,NOMINAL,2019-Q3,119.102076086999
EA17,NOMINAL,2019-Q4,120.657383510151
EA17,NOMINAL,2020-Q1,122.423433247112
EA17,NOMINAL,2020-Q2,123.9078851312
EA17,NOMINAL,2020-Q3,125.114275245042
EA17,NOMINAL,2020-Q4,127.603484571843
EA17,NOMINAL,2021-Q1,129.890259075733
EA17,NOMINAL,2021-Q2,132.862404893071
EA17,NOMINAL,2021-Q3,136.558323788687
EA17,NOMINAL,2021-Q4,139.796733880671
EA17,NOMINAL,2022-Q1,142.546124219111
EA17,NOMINAL,2022-Q2,144.898259968735
EA17,NOMINAL,2022-Q3,145.491971041081
EA17,NOMINAL,2022-Q4,143.832801031787
OECD,NOMINAL,2010-Q2,88.8114113282608
OECD,NOMINAL,2010-Q3,88.492330201205
OECD,NOMINAL,2010-Q4,88.5915399993475
OECD,NOMINAL,2011-Q1,88.36263662722
OECD,NOMINAL,2011-Q2,88.3889099133669
OECD,NOMINAL,2011-Q3,88.5502561129671
OECD,NOMINAL,2011-Q4,88.5413011688504
OECD,NOMINAL,2012-Q1,88.7672823860416
OECD,NOMINAL,2012-Q2,89.126865082535
OECD,NOMINAL,2012-Q3,89.4903861851954
OECD,NOMINAL,2012-Q4,90.1962075041426
OECD,NOMINAL,2013-Q1,90.7550097139562
OECD,NOMINAL,2013-Q2,91.7577345511508
OECD,NOMINAL,2013-Q3,92.6197474464531
OECD,NOMINAL,2013-Q4,93.4447528535956
OECD,NOMINAL,2014-Q1,94.339795249942
OECD,NOMINAL,2014-Q2,95.0941181921407
OECD,NOMINAL,2014-Q3,95.9517099788564
OECD,NOMINAL,2014-Q4,96.9392892602532
OECD,NOMINAL,2015-Q1,98.0429414375683
OECD,NOMINAL,2015-Q2,99.3593247074323
OECD,NOMINAL,2015-Q3,100.699354283782
OECD,NOMINAL,2015-Q4,101.898379571218
OECD,NOMINAL,2016-Q1,103.2352579198
OECD,NOMINAL,2016-Q2,104.630865256837
OECD,NOMINAL,2016-Q3,106.046635499014
OECD,NOMINAL,2016-Q4,107.523717200753
OECD,NOMINAL,2017-Q1,108.982131555759
OECD,NOMINAL,2017-Q2,110.473602778528
OECD,NOMINAL,2017-Q3,111.864938325406
OECD,NOMINAL,2017-Q4,113.240918209144
OECD,NOMINAL,2018-Q1,114.774225122272
OECD,NOMINAL,2018-Q2,115.984506217029
OECD,NOMINAL,2018-Q3,117.241639267835
OECD,NOMINAL,2018-Q4,118.41207158016
OECD,NOMINAL,2019-Q1,119.325938175658
OECD,NOMINAL,2019-Q2,120.44181877365
OECD,NOMINAL,2019-Q3,121.891930809096
OECD,NOMINAL,2019-Q4,123.717590494996
OECD,NOMINAL,2020-Q1,125.606178062294
OECD,NOMINAL,2020-Q2,126.661893219536
OECD,NOMINAL,2020-Q3,129.687347061872
OECD,NOMINAL,2020-Q4,133.911140452213
OECD,NOMINAL,2021-Q1,137.621637791479
OECD,NOMINAL,2021-Q2,142.335019216215
OECD,NOMINAL,2021-Q3,147.661189030927
OECD,NOMINAL,2021-Q4,153.111441082416
OECD,NOMINAL,2022-Q1,159.823545893618
OECD,NOMINAL,2022-Q2,165.732358921864
OECD,NOMINAL,2022-Q3,168.472820142819
OECD,NOMINAL,2022-Q4,169.58786778111
BGR,NOMINAL,2010-Q2,106.930176965691
BGR,NOMINAL,2010-Q3,104.979704665323
BGR,NOMINAL,2010-Q4,103.830296346606
BGR,NOMINAL,2011-Q1,102.321636636191
BGR,NOMINAL,2011-Q2,100.375555145573
BGR,NOMINAL,2011-Q3,99.2081651488
BGR,NOMINAL,2011-Q4,97.9946430694362
BGR,NOMINAL,2012-Q1,98.4176125414979
BGR,NOMINAL,2012-Q2,98.6065928936454
BGR,NOMINAL,2012-Q3,98.3812184053611
BGR,NOMINAL,2012-Q4,96.8845761594959
BGR,NOMINAL,2013-Q1,96.1086614665223
BGR,NOMINAL,2013-Q2,96.2761854594032
BGR,NOMINAL,2013-Q3,95.4865834816985
BGR,NOMINAL,2013-Q4,95.7885695923764
BGR,NOMINAL,2014-Q1,96.7367734238781
BGR,NOMINAL,2014-Q2,96.690093218842
BGR,NOMINAL,2014-Q3,97.2879668883311
BGR,NOMINAL,2014-Q4,98.4451664689491
BGR,NOMINAL,2015-Q1,98.8996139049516
BGR,NOMINAL,2015-Q2,99.4009982570991
BGR,NOMINAL,2015-Q3,99.3679799068953
BGR,NOMINAL,2015-Q4,102.331407931054
BGR,NOMINAL,2016-Q1,103.373891209569
BGR,NOMINAL,2016-Q2,105.958244207764
BGR,NOMINAL,2016-Q3,108.137304543375
BGR,NOMINAL,2016-Q4,110.610560039291
BGR,NOMINAL,2017-Q1,112.541681321395
BGR,NOMINAL,2017-Q2,115.191937786151
BGR,NOMINAL,2017-Q3,117.793382222557
BGR,NOMINAL,2017-Q4,119.652998669898
BGR,NOMINAL,2018-Q1,120.346970414658
BGR,NOMINAL,2018-Q2,124.03721087934
BGR,NOMINAL,2018-Q3,125.097872179518
BGR,NOMINAL,2018-Q4,126.337946526484
BGR,NOMINAL,2019-Q1,128.9010042108
BGR,NOMINAL,2019-Q2,130.502242616319
BGR,NOMINAL,2019-Q3,131.94272258813
BGR,NOMINAL,2019-Q4,134.324030584751
BGR,NOMINAL,2020-Q1,134.733950210716
BGR,NOMINAL,2020-Q2,134.552407856392
BGR,NOMINAL,2020-Q3,138.66560784784
BGR,NOMINAL,2020-Q4,141.698034085051
BGR,NOMINAL,2021-Q1,144.695659187134
BGR,NOMINAL,2021-Q2,146.925224557448
BGR,NOMINAL,2021-Q3,150.60579807054
BGR,NOMINAL,2021-Q4,155.103318184877
BGR,NOMINAL,2022-Q1,161.275819093459
BGR,NOMINAL,2022-Q2,168.478734898628
BGR,NOMINAL,2022-Q3,174.010815654098
BGR,NOMINAL,2022-Q4,175.904630365997
ROU,NOMINAL,2010-Q2,120.998525064718
ROU,NOMINAL,2010-Q3,118.696450714633
ROU,NOMINAL,2010-Q4,115.750442695134
ROU,NOMINAL,2011-Q1,109.006171979438
ROU,NOMINAL,2011-Q2,107.20044725783
ROU,NOMINAL,2011-Q3,103.450822937274
ROU,NOMINAL,2011-Q4,99.6525578254572
ROU,NOMINAL,2012-Q1,100.586828287707
ROU,NOMINAL,2012-Q2,100.251060227508
ROU,NOMINAL,2012-Q3,98.5395097231806
ROU,NOMINAL,2012-Q4,98.6626017616044
ROU,NOMINAL,2013-Q1,99.7544327405367
ROU,NOMINAL,2013-Q2,99.540282775355
ROU,NOMINAL,2013-Q3,99.2000548747177
ROU,NOMINAL,2013-Q4,98.5452296093902
ROU,NOMINAL,2014-Q1,97.181022597007
ROU,NOMINAL,2014-Q2,96.0822164223065
ROU,NOMINAL,2014-Q3,97.1184787857995
ROU,NOMINAL,2014-Q4,98.4982821948866
ROU,NOMINAL,2015-Q1,99.9649187406568
ROU,NOMINAL,2015-Q2,98.9833732788222
ROU,NOMINAL,2015-Q3,99.9563402775439
ROU,NOMINAL,2015-Q4,101.095367702977
ROU,NOMINAL,2016-Q1,102.863029658782
ROU,NOMINAL,2016-Q2,105.721750904423
ROU,NOMINAL,2016-Q3,106.832577121541
ROU,NOMINAL,2016-Q4,108.382642315254
ROU,NOMINAL,2017-Q1,108.38314396582
ROU,NOMINAL,2017-Q2,113.241221556519
ROU,NOMINAL,2017-Q3,113.376881102667
ROU,NOMINAL,2017-Q4,114.418753374993
ROU,NOMINAL,2018-Q1,115.617614181858
ROU,NOMINAL,2018-Q2,118.552967041009
ROU,NOMINAL,2018-Q3,119.816150875389
ROU,NOMINAL,2018-Q4,120.483267901744
ROU,NOMINAL,2019-Q1,119.456578878838
ROU,NOMINAL,2019-Q2,120.596606813544
ROU,NOMINAL,2019-Q3,124.60653538387
ROU,NOMINAL,2019-Q4,126.100278923747
ROU,NOMINAL,2020-Q1,129.106246618866
ROU,NOMINAL,2020-Q2,128.544709954909
ROU,NOMINAL,2020-Q3,127.527636501925
ROU,NOMINAL,2020-Q4,128.5614069243
ROU,NOMINAL,2021-Q1,130.86792154602
ROU,NOMINAL,2021-Q2,132.283158915255
ROU,NOMINAL,2021-Q3,135.104491510646
ROU,NOMINAL,2021-Q4,138.09442802808
ROU,NOMINAL,2022-Q1,139.122367797836
ROU,NOMINAL,2022-Q2,143.515441151483
ROU,NOMINAL,2022-Q3,144.714545297537
ROU,NOMINAL,2022-Q4,147.437645758919
SAU,NOMINAL,2014-Q1,99.2796089571674
SAU,NOMINAL,2014-Q2,100.120050194137
SAU,NOMINAL,2014-Q3,102.136005408284
SAU,NOMINAL,2014-Q4,103.220335443019
SAU,NOMINAL,2015-Q1,101.538414138194
SAU,NOMINAL,2015-Q2,100.983856797956
SAU,NOMINAL,2015-Q3,99.01054115504
SAU,NOMINAL,2015-Q4,98.4671879088098
SAU,NOMINAL,2016-Q1,98.2121832330436
SAU,NOMINAL,2016-Q2,96.3327232672954
SAU,NOMINAL,2016-Q3,94.5136719356389
SAU,NOMINAL,2016-Q4,91.3054215640225
SAU,NOMINAL,2017-Q1,88.8369786193604
SAU,NOMINAL,2017-Q2,88.6845890764829
SAU,NOMINAL,2017-Q3,89.0279962745713
SAU,NOMINAL,2017-Q4,89.3204360295859
SAU,NOMINAL,2018-Q1,88.5709197513101
SAU,NOMINAL,2018-Q2,87.5074928895444
SAU,NOMINAL,2018-Q3,85.8182742639723
SAU,NOMINAL,2018-Q4,83.9533130951736
SAU,NOMINAL,2019-Q1,83.293040981998
SAU,NOMINAL,2019-Q2,83.2556711160247
SAU,NOMINAL,2019-Q3,82.9018831391127
SAU,NOMINAL,2019-Q4,84.558404762865
SAU,NOMINAL,2020-Q1,84.912692316038
SAU,NOMINAL,2020-Q2,84.7657501718462
SAU,NOMINAL,2020-Q3,84.711997925946
SAU,NOMINAL,2020-Q4,84.9415595861702
SAU,NOMINAL,2021-Q1,85.3688930477348
SAU,NOMINAL,2021-Q2,85.4911360841419
SAU,NOMINAL,2021-Q3,85.7090258674556
SAU,NOMINAL,2021-Q4,86.3359450006681
SAU,NOMINAL,2022-Q1,86.6202207583958
SAU,NOMINAL,2022-Q2,87.1061035062372
SAU,NOMINAL,2022-Q3,87.9096765083218
SAU,NOMINAL,2022-Q4,88.5869992316612
HRV,NOMINAL,2010-Q2,110.653982443554
HRV,NOMINAL,2010-Q3,109.623217982246
HRV,NOMINAL,2010-Q4,110.247392807182
HRV,NOMINAL,2011-Q1,108.531950703696
HRV,NOMINAL,2011-Q2,110.675776769853
HRV,NOMINAL,2011-Q3,111.216113162576
HRV,NOMINAL,2011-Q4,112.216159363875
HRV,NOMINAL,2012-Q1,111.337026798737
HRV,NOMINAL,2012-Q2,109.953762635021
HRV,NOMINAL,2012-Q3,108.875862909837
HRV,NOMINAL,2012-Q4,105.543347656405
HRV,NOMINAL,2013-Q1,105.311155332107
HRV,NOMINAL,2013-Q2,104.75447268033
HRV,NOMINAL,2013-Q3,104.649967052054
HRV,NOMINAL,2013-Q4,103.79440493551
HRV,NOMINAL,2014-Q1,102.964861910741
HRV,NOMINAL,2014-Q2,103.976561234766
HRV,NOMINAL,2014-Q3,102.697260030513
HRV,NOMINAL,2014-Q4,102.26131682398
HRV,NOMINAL,2015-Q1,101.064144749758
HRV,NOMINAL,2015-Q2,99.2913038129001
HRV,NOMINAL,2015-Q3,99.6072207685229
HRV,NOMINAL,2015-Q4,100.037330668819
HRV,NOMINAL,2016-Q1,101.181359832526
HRV,NOMINAL,2016-Q2,100.396391320974
HRV,NOMINAL,2016-Q3,101.17582660813
HRV,NOMINAL,2016-Q4,100.79642223837
HRV,NOMINAL,2017-Q1,100.745153010445
HRV,NOMINAL,2017-Q2,104.599103847015
HRV,NOMINAL,2017-Q3,105.13225552876
HRV,NOMINAL,2017-Q4,108.50348761378
HRV,NOMINAL,2018-Q1,109.312997575651
HRV,NOMINAL,2018-Q2,109.08691661642
HRV,NOMINAL,2018-Q3,112.531917446946
HRV,NOMINAL,2018-Q4,113.628168360983
HRV,NOMINAL,2019-Q1,117.374213809261
HRV,NOMINAL,2019-Q2,120.191523371292
HRV,NOMINAL,2019-Q3,121.768149967029
HRV,NOMINAL,2019-Q4,125.076112852418
HRV,NOMINAL,2020-Q1,128.03132650487
HRV,NOMINAL,2020-Q2,129.891278921567
HRV,NOMINAL,2020-Q3,130.361312075011
HRV,NOMINAL,2020-Q4,133.236082498552
HRV,NOMINAL,2021-Q1,133.881665475015
HRV,NOMINAL,2021-Q2,138.203738091641
HRV,NOMINAL,2021-Q3,142.232062562612
HRV,NOMINAL,2021-Q4,145.332533870731
HRV,NOMINAL,2022-Q1,151.928164341062
HRV,NOMINAL,2022-Q2,156.861325881496
HRV,NOMINAL,2022-Q3,163.479241077463
HRV,NOMINAL,2022-Q4,170.471268713156
